id,nombre,descripcion,unidad_medida,precio_por_unidad
1,Children's Educational Workbook,Activity workbook for early learning and fun.,pulgadas,12.99
2,Wild Rice & Quinoa Mix,"Nutritious blend of wild rice and quinoa, perfect as a side dish.",litros,2.99
3,Eco-Friendly Notepad,Notepad made from recycled paper for sustainable note-taking.,cm,8.99
4,Instant Camera,Retro instant camera for capturing and printing photos instantly.,m2,89.99
5,Miso Dressing,Flavorful dressing made with miso paste,pulgadas,3.49
6,Body Wash,Moisturizing body wash with natural ingredients.,pulgadas,12.99
7,Silicone Baking Molds,Set of flexible molds for baking cakes and pastries.,litros,15.99
8,Carrot and Celery Sticks,Fresh pre-cut carrot and celery sticks for easy snacking.,pulgadas,2.99
9,Mini Meatballs,Frozen mini meatballs that are great as a snack or in pasta dishes.,cm,5.99
10,Face Mask Set,Set of five reusable fabric face masks.,m2,19.99
11,Silicone Ice Cube Tray,Flexible tray for easy-release ice cubes.,m2,10.99
12,Organic Blueberries,Fresh organic blueberries perfect for snacking or baking.,km,5.49
13,Multifunctional Pocket Tool,Compact pocket tool with various built-in functions.,litro,19.99
14,Apple Juice,"Refreshing apple juice, 100% juice with no added sugar.",litros,3.29
15,Personal Blender with Cups,Compact blender that comes with travel cups for smoothies.,cm3,34.99
16,Spinach Feta Wraps,"Whole wheat wraps filled with spinach, feta, and herbs.",cm3,4.29
17,High-Top Leather Boots,Durable high-top leather boots for the stylish adventurer.,pulgadas,99.99
18,Cranberry Almond Cookies,Delicious cookies with cranberries and almonds in every bite.,m2,4.29
19,Fettuccine Alfredo Dinner Kit,Easy meal kit for creamy fettuccine Alfredo.,litros,5.49
20,Gaming Headset,Comfortable gaming headset with surround sound.,cm3,69.99
21,Computer Monitor Stand,Ergonomic monitor stand for improved workspace organization.,m2,29.99
22,Balsamic Glaze,Sweet and tangy balsamic reduction for drizzling.,pulgadas,4.79
23,Zucchini Noodles,"Spiralized zucchini, a healthy alternative to pasta.",litro,3.99
24,Granola Bars,"Crispy and chewy granola bars, perfect for on-the-go.",litro,4.99
25,Marinara Parmesan Baked Ziti,Ziti pasta baked with marinara and parmesan cheese,litros,8.49
26,First Aid Kit,Comprehensive first aid kit for emergency situations.,litros,29.99
27,Car Sunshade,Windshield sunshade for car interior protection.,cm,19.99
28,Sweet Potatoes (organic),"Fresh organic sweet potatoes, great for roasting or mashing.",cm,1.99
29,Honey-Balsamic Vinaigrette,A sweet and tangy vinaigrette dressing for salads.,m2,3.39
30,Throw Pillow Covers,Set of decorative pillow covers to enhance your home decor.,litros,22.99
31,Potting Soil,Premium potting soil for indoor plants.,cm3,15.99
32,Spicy BBQ Sauce,A tangy and spicy BBQ sauce that's perfect for grilling.,litros,3.99
33,Maple Bacon Popcorn,Savory popcorn flavored with maple syrup and bacon bits.,cm,3.49
34,Sooji (Semolina),"Fine semolina flour, perfect for pasta and desserts.",km,1.99
35,Cabbage,"Fresh green cabbage, great for salads and slaws.",litro,1.29
36,Slingback Sandals,Chic slingback sandals for a relaxed summer vibe.,m2,29.99
37,Pasta (Linguine),"Thin, flat pasta perfect for various sauces.",litro,1.89
38,Puffer Winter Coat,A warm and stylish puffer coat perfect for winter weather.,cm3,99.99
39,Pasta Maker Machine,Manual pasta maker for creating fresh pasta at home.,cm,59.99
40,Roasted Garlic Mashed Potatoes,Creamy mashed potatoes infused with roasted garlic flavor.,m2,3.99
41,Chili Beans (canned),"Canned beans with chili sauce, perfect for chili dishes.",cm,1.69
42,Wildflower Honey,Natural honey sourced from wildflowers.,litro,4.99
43,Floral Summer Dress,Light and breezy dress perfect for summer outings with a vibrant floral pattern.,pulgadas,39.99
44,Smart Home Security Camera,Wi-Fi camera with motion detection for home security.,cm,79.99
45,Wireless Range Extender,Boost your Wi-Fi signal for better coverage.,km,49.99
46,Chickpeas,"Canned chickpeas, perfect for hummus or salads.",pulgadas,1.29
47,Sourdough Bread,Artisan-made sourdough bread with a tangy flavor.,pulgadas,4.99
48,Veggie Chips Variety Pack,A colorful variety of crunchy veggie chips for snacking.,pulgadas,3.79
49,Honey Graham Crackers,Sweet and crunchy honey-flavored graham crackers.,litro,3.29
50,Smartphone Photography Ring Light,Portable ring light that enhances your photos with perfect lighting.,km,29.99
51,Pumpkin Waffles,Delicious waffles infused with pumpkin and spices.,km,4.49
52,Almond Joy Snack Bars,Chewy snack bars with coconut and almonds coated in chocolate.,litro,2.99
53,Portable Phone Mug Holder,Convenient holder for drinks and phones while driving.,cm3,14.99
54,Vegan Caesar Dressing,"Creamy vegan dressing made with cashews, perfect for salads.",m2,3.99
55,Mini Meatballs,Frozen mini meatballs that are great as a snack or in pasta dishes.,cm3,5.99
56,Electric Kettle,Rapid boil electric kettle with temperature control.,km,39.99
57,Whole Wheat Bread,"Freshly baked whole wheat bread, rich in fiber.",km,2.49
58,Interchangeable Watch Bands,Set of stylish watch bands to customize your look.,pulgadas,24.99
59,Tailored Blazer,Sharp tailored blazer perfect for office wear and professional events.,pulgadas,99.99
60,Digital Wireless Meat Thermometer,Bluetooth thermometer that alerts you when your meat is done.,km,39.99
61,BBQ Jackfruit,"Tender jackfruit cooked in BBQ sauce, a delicious plant-based alternative.",cm,4.29
62,Puzzle Mat,Foldable mat for jigsaw puzzle assembly.,cm3,22.99
63,Almond Flour Tortillas,"Gluten-free tortillas made from almond flour, perfect for various wraps and meals.",cm,4.99
64,Vegetable Stock,Rich vegetable stock for cooking soups and stews.,litro,2.49
65,Smartphone Tripod,Adjustable tripod for smartphones and cameras.,cm3,29.99
66,Plant Growing Kit,Complete kit for growing herbs indoors.,litros,22.99
67,Garlic Herb Grilled Chicken,Marinated grilled chicken breasts seasoned with garlic and herbs.,litro,8.99
68,DIY Lip Balm Making Kit,Complete kit to make your own flavored lip balms at home.,cm3,22.99
69,Cork Yoga Mat,Eco-friendly yoga mat made from sustainable materials.,pulgadas,39.99
70,Self-Watering Planters,Planters with a self-watering feature for easy care.,m2,49.99
71,Nordic Berry Smoothie,Frozen smoothie blend with berries for a quick and healthy breakfast.,litros,3.99
72,Almond Flour Cookies,Delicious cookies made with almond flour for a gluten-free treat.,cm,4.99
73,Mediterranean Chickpea Salad,"A refreshing salad with chickpeas, cucumber, tomatoes, and a light vinaigrette dressing.",m2,5.99
74,Casual Long Cardigan,A cozy long cardigan designed for layering in any season.,m2,45.99
75,Greek Yogurt Parfait,"Layered Greek yogurt with granola and mixed berries, ready to enjoy.",pulgadas,4.49
76,Personal Safety Alarm,Compact alarm for personal safety and security.,litros,12.99
77,Almond Joy Bars,Chocolate-covered candy bars with coconut and almonds.,litros,1.29
78,Wine Decanter,Elegant glass decanter for aerating wine.,pulgadas,34.99
79,Sweet Potato and Chickpea Bowl,A nourishing bowl of sweet potatoes and chickpeas with spices.,litros,6.49
80,Electric Fondue Pot,Set for making fondue at home.,litros,39.99
81,Pet Hair Removal Roller,Lint roller designed specifically for removing pet hair from furniture.,litro,10.99
82,Acoustic Guitar,Beginner-friendly acoustic guitar with natural finish.,pulgadas,199.99
83,Sweet Chili Dipping Sauce,A sweet and spicy sauce ideal for spring rolls or chicken nuggets.,pulgadas,2.99
84,Cinnamon Raisin Bread,"Sweet bread with cinnamon and raisins, great for breakfast or snacks.",litro,3.79
85,Vegan Protein Powder,Plant-based protein powder for post-workout recovery.,litro,34.99
86,Set of Silicone Baking Molds,Flexible molds perfect for baking cakes and pastries.,km,15.99
87,Pressure Cooker,Instant pressure cooker with multiple cooking settings.,litros,89
88,Sun-Dried Tomatoes,Dried tomatoes packed with deep flavor for salads and pasta.,litro,3.99
89,Whole Grain Hamburger Buns,Soft hamburger buns made with whole grains.,km,2.69
90,Sliced Avocado,"Ready-to-eat avocado slices, perfect for tacos.",litros,2.79
91,Gardening Gloves,Durable gardening gloves with reinforced fingertips.,m2,15.99
92,Comfy Slippers,Soft and cozy slippers for indoor wear.,litros,29.99
93,Balsamic Fig Dressing,"A sweet and tangy dressing made with figs and balsamic vinegar, great on salads.",pulgadas,3.79
94,Sriracha Hot Chili Sauce,Spicy and tangy chili sauce for adding heat to any dish.,cm3,2.99
95,Kitchen Scale,Digital scale for precise cooking measurements.,litros,19.99
96,Electric Kettle with Temperature Control,Electric kettle that offers precise temperature settings.,cm3,49.99
97,Pet Tracking Collar,GPS pet collar that helps locate your pet via smartphone app.,m2,59.99
98,Pet Travel Bed,Portable bed for pets while traveling.,cm3,26.99
99,Workstation Laptop Stand,Adjustable stand to improve ergonomics while working on a laptop.,litros,49.99
100,Savory Breakfast Sausage,"Frozen sausage patties made with herbs and spices, perfect for breakfast sandwiches.",km,6.49
101,Camping Lantern,Rechargeable LED camping lantern for outdoor use.,pulgadas,34.99
102,Kids Tablet,Durable tablet designed for kids with parental controls.,cm3,129.99
103,Pepperoni Pizza Rolls,"Savory pizza rolls filled with pepperoni and cheese, ready to bake and enjoy in minutes.",litros,6.99
104,Electric Wax Warmer,Wax warmer for creating a soothing atmosphere with fragrances.,m2,22.99
105,Cotton Pajama Set,Soft cotton pajama set for cozy nights in.,litro,49.99
106,Insulated Lunch Box,Durable lunch box designed to keep food fresh and cool.,cm3,24.99
107,Over-the-Door Hooks,Convenient hooks that utilize door space for hanging items.,litro,12.99
108,Portable Folding Picnic Table,Easy-to-set-up picnic table for outdoor dining.,cm,69.99
109,Pine Nuts,Nutty flavor perfect for pesto and salads.,pulgadas,7.99
110,Garden Kneeler and Seat,Convertible kneeler and seat for gardening comfort.,cm,39.99
111,Action Camera,Compact action camera for capturing adventures.,litros,199.99
112,Dried Mango Slices,"Sweet and chewy dried mango slices, perfect for snacking.",litro,3.49
113,BBQ Lentil Chips,Savory lentil chips with BBQ flavor,litros,3.49
114,Interactive Plush Toy,"Soft, cuddly toy that interacts with children.",cm3,34.99
115,Sturdy Bookends,Stylish bookends to keep books organized on shelves.,cm3,22.99
116,Personal Blender with Travel Lid,Blender designed for smoothies and shakes on the go.,m2,34.99
117,Camping Chair with Cooler,Foldable chair equipped with a cooler pouch.,cm3,49.99
118,Sriracha Hot Chili Sauce,Spicy and tangy chili sauce for adding heat to any dish.,m2,2.99
119,Watering Can with Nozzle,Stylish watering can for plants with easy pouring nozzle.,litros,19.99
120,Smart LED Desk Lamp,Adjustable lamp with multiple brightness levels and colors.,cm,39.99
121,Watercolor Set,Complete watercolor set with paints and brushes.,m2,19.99
122,Teriyaki Tofu Stir-Fry,Tofu stir-fried with fresh vegetables in teriyaki sauce.,pulgadas,7.49
123,LED Strip Lights with Remote Control,Color-changing LED lights for home decoration with remote.,cm,29.99
124,Organic Coconut Water,Refreshing coconut water packed with electrolytes for hydration.,cm3,2.79
125,Chicken Broth,"Rich and flavorful chicken broth, great for soups.",cm3,2.49
126,Travel Eye Mask with Ear Plugs,Comfortable eye mask that includes noise-canceling ear plugs.,cm3,15.99
127,Video Camera,1080p HD video camera with night vision.,litro,199
128,Frozen Vegetarian Pizza,A delicious pizza loaded with vegetables,cm,6.49
129,Foam Muscle Roller,Relieve muscle tension and soreness with this foam roller.,litros,24.99
130,Apple Pie Filling,"Sweet and spiced apple filling, perfect for pies.",km,3.49
131,Sweetened Condensed Milk,Rich and creamy milk perfect for baking or desserts.,m2,1.89
132,Outdoor Inflatable Pool,Large inflatable pool for summer fun in your backyard.,pulgadas,149.99
133,Graphic Print Leggings,"Trendy leggings with a unique graphic print, versatile for workouts and casual wear.",m2,29.99
134,Electric Blanket,Extra soft electric blanket with adjustable heat settings.,cm,59.99
135,Digital Photo Frame,Wi-Fi-enabled digital frame for displaying photos.,pulgadas,79.99
136,Cinnamon Spiced Almonds,Crispy almonds coated with cinnamon and sugar for a sweet and crunchy snack.,m2,5.99
137,Artisan Pickles,Tangy and crunchy dill pickles.,litro,2.49
138,Organic Coconut Oil,"Cold-pressed coconut oil, perfect for cooking, baking, or skin care.",cm3,8.99
139,Electric Heat Press Machine,Ideal for creating custom designs on t-shirts and fabrics.,cm3,99.99
140,Decorative Throw Pillows,Set of stylish throw pillows for home decor.,litro,29.99
141,Honey Nut Cheerios,Classic cereal made with whole grains and honey.,litros,4.29
142,Homestyle Chicken Noodle Soup,Classic chicken noodle soup with tender chicken and vegetables.,pulgadas,2.99
143,Peach Fruit Cups,"Juicy peach slices in light syrup, in convenient cups.",cm3,1.99
144,Magnetic Phone Car Mount,Strong magnetic holder for smartphones in cars.,cm3,14.99
145,Emergency Preparedness Kit,Complete kit for emergency situations including food and water.,litros,99.99
146,Herbal Tea Variety Pack,"Assorted herbal teas, perfect for a warm and relaxing drink.",cm,4.99
147,Sliced Olives,"Pitted black olives, perfect for salads and pizzas.",cm,1.99
148,Sliced Ham,"Delicious and fully cooked sliced ham, ready to eat.",cm3,5.49
149,Crispy Onion Rings,"Frozen onion rings, crispy and ready to bake.",km,4.29
150,Screen Cleaning Kit,Safe cleaning solution and tools for electronics screens.,litros,15.99
151,Shower Curtain Hooks,Stylish hooks to easily hang shower curtains.,litro,12.99
152,Scented Candles,Set of three aromatic candles with various scents.,km,19.99
153,Safety Goggles,Protective goggles for DIY and construction work.,km,14.99
154,A-Line Skirt,"Classic A-line skirt that flatters every figure, perfect for work or play.",cm,35.99
155,Smart Home Hub,Connect and control smart devices from one app.,litro,99.99
156,Instant Camera,Retro instant camera for capturing and printing photos instantly.,m2,89.99
157,Personal Safety Alarm,Compact alarm for personal safety and security.,m2,12.99
158,Organic Coconut Flour,Finely ground flour from dried coconut meat.,pulgadas,5.49
159,Kids' Art Easel,Double-sided art easel for painting and drawing.,litro,58.99
160,Kids' Crafting Station,Complete station with supplies for kids' art projects.,cm,49.99
161,Pizza Stone,Ceramic pizza stone for homemade pizzas.,cm,29.99
162,Portable Water Filter,Lightweight water filter for outdoor adventures.,litro,29.99
163,Elegant Lace Dress,A stunning lace dress perfect for special occasions.,cm3,79.99
164,Creamy Garlic Dressing,"Rich and creamy dressing with garlic flavor, perfect for salads.",m2,3.99
165,Puzzle,Challenging 1000-piece jigsaw puzzle for all ages.,m2,27.99
166,Smart Air Purifier,Filters allergens and pollutants from the air for a healthier home.,litros,199.99
167,Chickpea Snack Mix,"Crunchy, seasoned chickpeas for a wholesome snack.",cm,3.49
168,Pressure Cooker,Instant pressure cooker with multiple cooking settings.,pulgadas,89
169,Wine Glasses,Set of elegant wine glasses for special occasions.,km,29.99
170,Portable Camping Stove,Compact camp stove for outdoor cooking.,pulgadas,49.99
171,Portable Charger with Solar Panel,Eco-friendly charger with a built-in solar panel for outdoor use.,pulgadas,45.99
172,Tomato Basil Pasta Sauce,Rich and flavorful pasta sauce made with ripe tomatoes and basil.,litros,3.99
173,Comfortable Jogger Pants,"Relaxed fit joggers made from soft fleece, ideal for lounging or workouts.",m2,29.99
174,Savory Rice Cakes,"Lightly salted rice cakes, perfect for a healthy snack.",pulgadas,2.5
175,Tuscan Bean Soup,A hearty mix of beans in a flavorful tomato broth.,cm,2.49
176,Fitness Resistance Bands Set,Variety of bands suitable for all fitness levels.,m2,34.99
177,Organic Quinoa,Nutritious organic quinoa for salads or sides,km,4.29
178,Asian Stir-Fry Vegetables,Frozen mix of colorful stir-fry veggies.,m2,2.99
179,Insulated Wine Tote,Stylish tote to keep wine bottles chilled while traveling.,litro,24.99
180,Portable Bluetooth Keyboard,Compact keyboard for tablets and smartphones.,cm3,39.99
181,Dark Chocolate Covered Raisins,Satisfy your sweet tooth with these dark chocolate-covered raisins.,m2,3.99
182,Essential White Button-Up,A classic white button-up shirt for a polished appearance.,pulgadas,44.99
183,Garden Tool Belt,Handy belt for carrying garden tools while working.,cm,22.99
184,Bamboo Bathtub Caddy,"Expandable caddy for holding books, phones, and snacks while in the bath.",m2,34.99
185,High-Quality Yoga Mat,Non-slip mat designed for yoga and fitness exercises.,litro,34.99
186,Reusable Silicone Food Storage Bags,Eco-friendly bags for storing food without plastic waste.,litro,19.99
187,Pumpkin Pie Spice,A blend of spices that brings the taste of fall to your baked goods.,litros,2.99
188,Digital Kitchen Timer,Easy-to-read digital kitchen timer with alarms.,pulgadas,14.99
189,Organic Whole Grain Oats,Whole grain oats that are perfect for breakfast or baking.,cm3,2.49
190,Strawberry Fruit Spread,Natural fruit spread bursting with real strawberry flavor.,m2,3.59
191,Handmade Leather Journal,Beautiful leather-bound journal for writing and sketching.,litros,39.99
192,Wall-Mounted Wine Rack,Stylish and modern holder for storing wine bottles on walls.,m2,39.99
193,Asian Noodle Salad Kit,A pre-packaged salad kit with noodles and Asian-style dressing.,pulgadas,4.99
194,Ginger Turmeric Latte Mix,A warming blend of ginger and turmeric for lattes.,m2,5.29
195,Running Shorts,Lightweight and breathable running shorts for your workouts.,m2,34.99
196,Smart Air Purifier,Filters allergens and pollutants from the air for a healthier home.,m2,199.99
197,Hot Salsa,Spicy salsa made with fresh ingredients.,cm,2.29
198,Desk Organizer Set,Stylish desk set to keep your workspace tidy and organized.,cm3,29.99
199,Green Smoothie Mix,A convenient powder mix combining greens and fruits for smoothies.,m2,5.99
200,Spicy Salsa Verde,"Green salsa with a spicy kick, great for dipping.",litro,3.49
201,Kids' Dinosaur-Themed Lunchbox,Fun lunchbox for kids with a sturdy design.,cm3,19.99
202,Cranberry Juice,Refreshing cranberry juice with no added sugar.,km,3.69
203,Carrot and Celery Sticks,Fresh pre-cut carrot and celery sticks for easy snacking.,pulgadas,2.99
204,Electric Heat Pad,Microwaveable heat pad for soothing muscle aches.,pulgadas,24.99
205,Foam Building Blocks for Kids,Soft foam blocks perfect for building and imaginative play.,pulgadas,22.99
206,Pressure Cooker,Instant pressure cooker with multiple cooking settings.,km,89
207,Homestyle Beef Stew,"Hearty beef stew with vegetables, ready to heat and serve.",litro,7.99
208,Brazil Nuts,"Rich in selenium, perfect for snacking or baking.",litros,10.99
209,Vanilla Bean Greek Yogurt,Smooth Greek yogurt infused with vanilla bean flavor.,litro,1.99
210,Insulated Lunch Box,Durable lunch box designed to keep food fresh and cool.,km,24.99
211,Portable Camping Shower,Convenient shower system for camping and outdoor activities.,litros,39.99
212,Rice Pudding,Creamy dessert made with rice and cinnamon.,cm,2.29
213,High-Speed HDMI Cable,Durable cable for connecting devices with high-definition video.,pulgadas,12.99
214,Luxury Memory Foam Mattress Topper,Adds extra comfort to your mattress for a better night's sleep.,km,129.99
215,Frozen Berry Medley,"A mix of strawberries, blueberries, and raspberries, great for smoothies or desserts.",km,5.49
216,Pumpkin Spice Latte Mix,Instant mix for delicious pumpkin spice lattes at home.,km,3.29
217,Pet Food Storage Container,Airtight container to keep pet food fresh.,m2,24.99
218,Colorful Post-It Notes Set,Variety pack of sticky notes in different colors and sizes.,litro,9.99
219,Whole Wheat Bread,"Freshly baked whole wheat bread, rich in fiber.",km,2.49
220,Apple Cinnamon Oatmeal,Warm oatmeal flavored with apple and cinnamon.,km,2.89
221,Smart Water Bottle,Water bottle that tracks your hydration levels.,pulgadas,39.99
222,Miso Dressing,Flavorful dressing made with miso paste,km,3.49
223,Honey,"Pure and natural honey, great for sweetening.",cm3,5.49
224,Drone,Beginner-friendly drone with HD camera.,litro,249.99
225,Pumpkin Ice Cream,"Seasonal pumpkin ice cream, perfect for fall.",km,4.99
226,Pumpkin Spice Pancake Mix,Pancake mix infused with seasonal pumpkin spice flavor.,m2,3.49
227,Maple Almond Granola,Crunchy granola with maple flavor and almond pieces for breakfast.,pulgadas,5.49
228,Asian Stir-Fry Vegetables,Frozen mix of colorful stir-fry veggies.,km,2.99
229,Portable Charcoal Grill,Compact charcoal grill perfect for tailgating.,cm,89.99
230,Red Lentils,Nutritious and quick-cooking red lentils.,litro,1.99
231,Ramen Noodles,Quick-cooking ramen for instant meals.,pulgadas,0.99
232,Insulated Coffee Mug,Double-walled mug to keep your drink hot for longer.,pulgadas,24.99
233,Garden Hose,Durable 50-foot garden hose with nozzle.,litro,32.99
234,Insulated Lunch Bag,Stylish insulated lunch bag for on-the-go meals.,cm3,24.99
235,Peach Yogurt,Creamy peach-flavored yogurt with real fruit.,litros,1.29
236,Leather Biker Jacket,Stylish black leather jacket featuring a zip-up front and multiple pockets.,litros,129.99
237,Car Trash Can,Compact trash can for keeping your car clean.,m2,12.99
238,Pet Safety Harness,Comfortable harness designed to keep pets safe in the car.,litro,24.99
239,Corn Tortillas,"Soft and warm corn tortillas, perfect for tacos and burritos.",m2,2.49
240,Essential Oils Diffuser Necklace,Wearable diffuser for scenting your space and body.,km,19.99
241,Shatterproof Wine Glasses,"Durable, unbreakable wine glasses for outdoor use.",cm,24.99
242,Insulated Lunch Bag,Stylish insulated lunch bag for on-the-go meals.,cm,24.99
243,Athletic Jogging Jacket,Designed for comfort and performance during workouts.,cm3,49.99
244,Vegan Chickpea Salad,"Healthy salad made with chickpeas, vegetables, and a lemon dressing.",cm,3.99
245,Silicone Baking Mat,Non-stick baking mat for easy cooking and cleanup.,litro,15.99
246,Handheld Shower Head,Adjustable shower head for a luxurious shower experience.,km,34.99
247,Sun Protection Clothing,UV-blocking clothing for outdoor activities.,pulgadas,44.99
248,Brussels Sprouts,"Fresh Brussels sprouts, great for roasting or steaming.",litros,3.49
249,Smart Thermostat with Wi-Fi,Wi-Fi enabled thermostat that learns your habits.,litros,169.99
250,Ultraviolet Phone Sanitizer,UV sanitizer that kills germs on your smartphone.,pulgadas,39.99
251,Pest Control Traps,Non-toxic traps for catching household pests safely.,litro,22.99
252,Ginger Turmeric Shots,Ready-to-drink shots made with fresh ginger and turmeric.,pulgadas,3.99
253,Smartphone Tripod with Remote,Adjustable tripod with remote shutter for smartphones.,litro,29.99
254,Chocolate Protein Powder,Rich chocolate protein powder for smoothies and baking.,m2,24.99
255,Motorcycle Phone Mount,Universal mount for smartphones on motorcycles.,litro,14.99
256,Flavored Rice Cakes,Light and crunchy rice cakes with a variety of flavors.,litros,2.49
257,Electric Skillet,Versatile electric skillet for stir-frying and searing.,cm3,49.99
258,Personal Safety Alarm,Compact alarm for personal safety and security.,m2,12.99
259,Pineapple Coconut Rice Mix,A flavorful blend of rice with tropical pineapple and coconut flavors.,cm,3.99
260,Classic Minestrone Soup,Hearty minestrone soup loaded with vegetables and pasta.,m2,2.99
261,Plaid Flannel Shirt,"Soft flannel shirt with a timeless plaid pattern, perfect for layering.",cm,29.99
262,Fashionable Belt Bag,Trendy belt bag for hands-free carrying.,cm3,34.99
263,Over-the-Door Shoe Organizer,Space-saving solution to store shoes and keep them organized.,cm3,22.99
264,Adjustable Dog Harness,Comfortable and adjustable harness for dogs.,cm3,24.99
265,Coconut Cashew Yogurt,"Creamy yogurt made with coconut and cashews, dairy-free.",m2,1.99
266,Miso Dressing,Flavorful dressing made with miso paste,m2,3.49
267,Kale Caesar Salad Kit,Fresh kale with Caesar dressing and croutons.,m2,5.99
268,Customizable Wall Calendar,Personalize your calendar with photos and special dates.,litros,24.99
269,Peach Preserves,"Sweet and fruity peach preserves, perfect for spreading on toast.",cm,3.79
270,Sporty Cap,Stylish cap to complete your athletic look.,litros,15.99
271,Coffee Maker,Single-serve coffee maker with a built-in grinder.,litro,89.99
272,Teriyaki Chicken Stir-Fry,"Frozen stir-fry mix with chicken, veggies, and teriyaki sauce.",m2,6.99
273,Fitness Jump Rope with LCD Counter,Weighted jump rope that counts jumps and calories burned.,litros,15.99
274,Wireless Security System,Comprehensive camera and alert system for home security.,cm,299.99
275,Gluten-Free Pancake Mix,"Fluffy and delicious pancake mix, perfect for a gluten-free breakfast.",litros,5.99
276,Electric Knife,Cordless electric knife for effortless slicing.,litros,39.99
277,Mini Fondue Set,Complete fondue set for chocolate and cheese parties.,m2,34.99
278,Garlic & Herb Goat Cheese,"Creamy goat cheese infused with herbs and garlic, perfect for spreading on crackers.",m2,5.49
279,Smart Scale,Wi-Fi smart scale for tracking weight and BMI.,pulgadas,59.99
280,Wireless HDMI Receiver,Stream HD video wirelessly from devices to TV.,cm3,49.99
281,Hummus,"Creamy chickpea dip, perfect for veggies or pita.",m2,4.29
282,Garlic and Herb Rub,A seasoning blend of garlic and herbs to enhance any dish.,litro,2.29
283,Honey Roasted Chickpeas,Crispy chickpeas roasted with honey for a sweet and satisfying snack.,km,3.29
284,Decorative Wall Tapestry,Colorful tapestry to add charm to any room.,m2,34.99
285,Frozen Vegetarian Pizza,A delicious pizza loaded with vegetables,litros,6.49
286,Sour Cream,"Tangy sour cream, perfect for dips and toppings.",pulgadas,3.49
287,Cheesy Cauliflower Bake,"A frozen cheesy bake made with cauliflower, great as a side dish or a vegetarian meal.",cm3,5.49
288,Sweet BBQ Dipping Sauce,Perfectly balanced sweet and tangy BBQ sauce for dipping or grilling.,litro,3.49
289,Smartphone Photography Tripod,Lightweight tripod designed for smartphone photography.,litro,29.99
290,Yoga Wheel,Supportive yoga wheel for deep stretching and balance.,pulgadas,34.99
291,Adjustable Skipping Rope,Durable skipping rope with adjustable length for workouts.,litros,12.99
292,Workstation Laptop Stand,Adjustable stand to improve ergonomics while working on a laptop.,litros,49.99
293,Spiralizer,Vegetable spiralizer for healthy meals.,m2,22.99
294,Honeycrisp Apples,"Crisp and sweet Honeycrisp apples, freshly picked.",cm3,1.89
295,Picnic Blanket,Waterproof picnic blanket for outdoor fun.,cm,29.99
296,Baking Powder,Essential ingredient for baking fluffy cakes and pastries.,cm,1.79
297,High-Top Leather Boots,Durable high-top leather boots for the stylish adventurer.,m2,99.99
298,Set of Silicone Baking Molds,Flexible molds perfect for baking cakes and pastries.,cm,15.99
299,Ice Cream Maker,Homemade ice cream maker for delicious desserts.,cm,79.99
300,Crafting Kit,Complete crafting kit for kids and adults.,km,29.99
301,Pet Bed,Comfortable pet bed for small to medium-sized dogs.,m2,39.99
302,Banana Peanut Butter Smoothie,Frozen smoothie mix with bananas and peanut butter for a quick drink.,litros,5.49
303,Running Shorts,Lightweight and breathable running shorts for your workouts.,litro,34.99
304,Ice Cream,"Rich and creamy ice cream, available in various flavors.",cm3,5.99
305,Coconut Cream,"Rich cream extracted from coconut milk, ideal for desserts.",km,2.99
306,Herb Garlic Butter,"A flavorful garlic butter blend, perfect for cooking or baking.",m2,3.99
307,Miso Dressing,Flavorful dressing made with miso paste,litros,3.49
308,Tuna Fish (canned),"Wild-caught tuna in olive oil, perfect for salads.",cm,2.29
309,Emergency Preparedness Kit,Complete kit for emergency situations including food and water.,pulgadas,99.99
310,Electric Griddle,Large electric griddle for family meals.,litro,54.99
311,LED Desk Lamp,Dimmable LED desk lamp with USB charging port.,litro,35
312,Portable Water Filter,Lightweight water filter for outdoor adventures.,litros,29.99
313,Wireless Car Charger,Convenient charging pad for wireless charging in vehicles.,cm3,24.99
314,Almond Butter Cookies,Soft cookies made with almond butter,km,4.49
315,Cinnamon Roll Kit,Everything you need to make melt-in-your-mouth cinnamon rolls at home.,cm,6.89
316,Silicone Baking Molds,Set of flexible molds for baking cakes and pastries.,km,15.99
317,Stainless Steel BBQ Grill Set,Essential tools for outdoor barbecues including tongs and spatula.,km,49.99
318,Whole Wheat Pita Bread,"Soft and fluffy whole wheat pita bread, great for wraps.",pulgadas,2.79
319,Cream Cheese,"Smooth and creamy, ideal for spreads or baking.",litro,2.69
320,Portable Pet Stroller,Convenient stroller for pets to enjoy outdoor walks.,m2,89.99
321,Sweet Potato Mash,"Creamy mashed sweet potatoes, ready to heat and serve.",cm,3.99
322,Collapsible Storage Crates,Space-saving crates for easy organization at home or while traveling.,km,18.99
323,Vegetarian Stuffed Peppers,"Bell peppers stuffed with rice, beans, and spices, ready to bake.",litro,4.99
324,Chocolate Syrup,Rich chocolate syrup for ice cream or beverages.,litro,2.99
325,Tropical Fruit Bowl,A mix of tropical fruits for a refreshing snack or dessert.,km,4.99
326,Peach Slices in Syrup,"Sweet and tender peach slices preserved in syrup, great for desserts.",m2,2.59
327,Garden Hose,Durable 50-foot garden hose with nozzle.,cm3,32.99
328,Oven Thermometer,High-precision oven thermometer for accurate cooking.,m2,11.99
329,Classic White T-Shirt,A timeless wardrobe staple crafted from soft cotton with a perfect fit.,pulgadas,19.99
330,Sweet Corn Fritters,Golden-brown fritters made with sweet corn.,km,4.49
331,Organic Coconut Water,Refreshing coconut water packed with electrolytes for hydration.,litro,2.79
332,Nutritional Yeast,A healthy vegan cheese alternative packed with nutrients and flavor.,km,3.59
333,Phone Screen Protector,Tempered glass screen protector for smartphones.,cm,12.99
334,Cinnamon Sugar Donuts,Delicious mini donuts dusted with cinnamon sugar.,cm,4.99
335,Apple Cinnamon Oatmeal,Warm oatmeal flavored with apple and cinnamon.,litro,2.89
336,Protein Bar Variety Pack,A pack of assorted nut and protein bars for a quick energy boost.,litro,12.99
337,Wireless Security System,Comprehensive camera and alert system for home security.,m2,299.99
338,Artisan Flatbreads,"Thin and crispy flatbreads, perfect for dips.",cm3,2.99
339,Beef Stroganoff Meal Kit,Complete meal kit with everything needed to make beef stroganoff in under 30 minutes.,m2,12.99
340,Garden Kneeler and Seat,Convertible kneeler and seat for gardening comfort.,litro,39.99
341,Ceramic Bakeware Set,Durable ceramic bakeware for casseroles and desserts.,litro,49.99
342,Camping Chair,Portable folding camping chair with cup holder.,pulgadas,29.99
343,Garden Vegetable Chips,"Crispy chips made from assorted garden vegetables, lightly salted.",cm3,3.49
344,High-Pressure Handheld Shower Head,Shower head designed for a strong spray and complete coverage.,litro,39.99
345,Honey Nut Cheerios,Classic cereal made with whole grains and honey.,km,4.29
346,Portable Hand Warmer,Rechargeable hand warmer for cold weather comfort.,litro,24.99
347,Ramen Noodle Soup Cups,Instant ramen cups with flavor-packed broth.,cm,1.29
348,Hot Dog Buns,Soft buns perfect for stuffing with your favorite hot dogs.,cm3,2.49
349,Basketball,Official size basketball for indoor and outdoor play.,litros,29.99
350,Portable Phone Mug Holder,Convenient holder for drinks and phones while driving.,cm3,14.99
351,Zucchini,"Fresh zucchini, versatile for grilling or sautéing.",km,0.79
352,Spiralizer,Vegetable spiralizer for healthy meals.,cm3,22.99
353,LED Strip Lights Kit,DIY LED strip lights with remote control.,cm3,29.99
354,Sliced Ham,"Delicious and fully cooked sliced ham, ready to eat.",litros,5.49
355,Pumpkin Ice Cream,"Seasonal pumpkin ice cream, perfect for fall.",m2,4.99
356,Classic Bagels,"Freshly baked bagels, perfect for breakfast or snacks.",litro,2.99
357,Ice Cream Maker,Homemade ice cream maker for delicious desserts.,litros,79.99
358,Italian Herbal Seasoning,A fragrant blend of Italian herbs for pasta sauces and marinades.,pulgadas,1.99
359,Robot Vacuum Cleaner,Smart robotic vacuum for automatic cleaning.,cm,299.99
360,Harvest Grain Salad,"A hearty salad with grains, dried fruits, and nuts.",cm3,5.49
361,Wireless Music Receiver,Stream music from your device to any speaker wirelessly.,litros,19.99
362,Cauliflower Rice Stir-Fry,Frozen cauliflower rice blended with mixed vegetables and seasonings.,km,4.99
363,Instant Camera,Retro instant camera for capturing and printing photos instantly.,cm,89.99
364,Artisan Bread Loaf,"Fresh artisan bread, perfect for sandwiches",km,3.99
365,Tandoori Chicken Skewers,Marinated chicken skewers infused with traditional tandoori spices.,m2,7.99
366,Relaxed Fit Henley Shirt,"A comfortable henley shirt made of soft cotton, perfect for casual outings.",m2,29.99
367,Avocado Lime Dressing,"Refreshing dressing made with avocado and lime, perfect for salads.",litro,4.29
368,Smart Thermostat with Wi-Fi,Wi-Fi enabled thermostat that learns your habits.,m2,169.99
369,Portable Pet Stroller,Convenient stroller for pets to enjoy outdoor walks.,pulgadas,89.99
370,Raspberry Lemonade Mix,"A refreshing drink mix that combines sweet raspberries and tart lemons, perfect for summer.",cm,3.99
371,Smartphone Projector Kit,DIY kit to convert your smartphone into a mini projector.,litros,24.99
372,Rustic Italian Breads,Freshly baked artisan bread with a crisp crust and soft center.,cm,3.99
373,Organic Black Rice,"Nutty and chewy black rice, high in antioxidants.",litro,3.59
374,Ice Pack,Reusable gel ice pack for injuries and cooling.,litros,8.99
375,Motorcycle Phone Mount,Universal mount for smartphones on motorcycles.,pulgadas,14.99
376,Beef Stroganoff Meal Kit,Complete meal kit with everything needed to make beef stroganoff in under 30 minutes.,litros,12.99
377,Bamboo Memory Foam Pillow,Ergonomically designed pillow with breathable bamboo cover.,km,34.99
378,First Aid Kit,Comprehensive first aid kit for emergency situations.,cm3,29.99
379,Survival Gear Kit,Essential survival gear kit for emergencies.,litros,59.99
380,Wireless Earbuds Case,Protective case for wireless earbuds.,litros,12.99
381,French Bread,"Freshly baked French baguette, perfect for dipping.",cm3,2.49
382,Teriyaki Stir-Fry Sauce,Savory teriyaki sauce for stir-frying veggies or meats.,pulgadas,3.49
383,Almond Flour Bread Mix,Gluten-free bread mix made with almond flour.,km,4.89
384,Faux Fur Coat,A luxurious faux fur coat that adds glamour to any outfit.,km,129.99
385,Basil Lemonade,Refreshing basil-infused lemonade for a cool drink.,m2,2.99
386,Tabletop Fire Pit,Compact and stylish indoor/outdoor fire pit for ambiance.,litros,79.99
387,High-Speed Hand Blender,Powerful hand blender for soups and smoothies.,km,39.99
388,Fashionable Scarves Set,Stylish scarves to accessorize any outfit.,pulgadas,24.99
389,Pet Leash,Durable pet leash with comfortable handle.,km,15.99
390,Coconut Rice,Fluffy rice cooked with coconut milk for a tropical twist.,cm3,2.29
391,Pasta Sauce Mix,Just add water for a quick pasta sauce.,pulgadas,1.29
392,Relaxed Fit Henley Shirt,"A comfortable henley shirt made of soft cotton, perfect for casual outings.",pulgadas,29.99
393,Sweet Corn Fritters,Golden-brown fritters made with sweet corn.,km,4.49
394,Blueberry Chia Jam,"Homemade jam made with blueberries and chia seeds, no added sugar.",cm3,4.99
395,Watercolor Set,Complete watercolor set with paints and brushes.,cm3,19.99
396,Beef Sirloin Steak,"Juicy and tender beef sirloin steak, grass-fed.",litros,15.99
397,Raspberry Tart,A delicious tart filled with fresh raspberry filling.,cm3,5.49
398,Kids' Outdoor Explorer Kit,Fun kit for aspiring explorers with binoculars and a compass.,cm,24.99
399,Sports Windbreaker,Lightweight windbreaker for outdoor activities.,litro,44.99
400,Feta Cheese,"Tangy feta cheese, perfect for salads and sandwiches.",litros,4.99
401,Artisan Bread Loaf,"Fresh artisan bread, perfect for sandwiches",pulgadas,3.99
402,Arcade Game Machine,Retro arcade machine for classic gaming.,m2,299.99
403,Beach Cover-Up,"Lightweight cover-up perfect for the beach, with a breezy design.",pulgadas,29.99
404,Tomatillo Salsa,Tangy salsa made from tomatillos and peppers.,km,3.29
405,Gluten-Free Bread,Soft and tasty gluten-free sandwich bread.,litros,5.49
406,Electric Griddle with Removable Plates,Non-stick surface for easy cooking and cleaning.,m2,59.99
407,Sriracha Sauce,Spicy chili sauce for an extra kick in your meals.,litro,3.19
408,Yoga Wheel,Supportive yoga wheel for deep stretching and balance.,litro,34.99
409,Tailored Dress Pants,"Smart tailored dress pants, perfect for work or formal events.",km,79.99
410,Greek Yogurt Parfait,"Layered Greek yogurt with granola and mixed berries, ready to enjoy.",pulgadas,4.49
411,Stainless Steel Water Pitcher,Insulated pitcher to keep beverages cold or hot.,m2,39.99
412,Ripped Boyfriend Jeans,"Stylish ripped boyfriend jeans for a relaxed, effortlessly cool vibe.",cm,54.99
413,Cauliflower Rice Stir-Fry,Frozen cauliflower rice blended with mixed vegetables and seasonings.,pulgadas,4.99
414,Tactical Backpack,Durable and versatile backpack for outdoor and travel use.,cm3,59.99
415,Miso Dressing,Flavorful dressing made with miso paste,litro,3.49
416,Slim Fit Chinos,Comfortable slim fit chinos for a polished look.,km,54.99
417,LED Christmas Tree Lights,String lights for decorating holiday trees.,cm3,34.99
418,High-Low Hem Tee,"Trendy high-low tee with a relaxed fit, ideal for weekends.",cm,22.99
419,Quinoa,"Protein-rich quinoa, a great alternative to rice.",cm,4.49
420,Beef Enchilada Casserole,Hearty casserole with beef and enchilada sauce.,litros,8.99
421,Sun-Dried Tomatoes,Dried tomatoes packed with deep flavor for salads and pasta.,litros,3.99
422,Avocados,"Fresh, creamy avocados ideal for salads and guacamole.",litro,1.5
423,Thai Peanut Noodles,Noodles tossed in a spicy Thai peanut sauce.,km,4.99
424,Honey Butter Popcorn,Light and fluffy popcorn coated in sweet honey butter.,pulgadas,2.99
425,BBQ Sauce,"A smoky barbecue sauce, ideal for grilling and dipping.",m2,3.49
426,Herbal Tea Set,Assorted herbal tea bags for relaxation and wellness.,pulgadas,19.99
427,Essential White Button-Up,A classic white button-up shirt for a polished appearance.,litros,44.99
428,Peas (frozen),"Frozen green peas, a great addition to meals.",cm,1.89
429,Honey Garlic Chicken,Tender chicken coated in a sweet and savory honey garlic sauce.,m2,8.49
430,Savory Mushroom Risotto,Creamy risotto infused with wild mushrooms.,litros,6.49
431,Chocolate Hazelnut Granola,Crunchy granola with chocolate and hazelnuts for breakfast.,cm,4.49
432,Travel Pillow with Memory Foam,Ergonomically designed neck pillow for comfortable travel.,cm,29.99
433,Baby Safety Corner Guards,Soft corner protectors to keep babies safe at home.,pulgadas,9.99
434,Apple Cinnamon Granola,A wholesome granola with bits of apple and a touch of cinnamon.,cm,4.49
435,Comfortable Jogger Pants,"Relaxed fit joggers made from soft fleece, ideal for lounging or workouts.",cm3,29.99
436,Electric Pressure Washer,Powerful electric pressure washer for deep cleaning.,cm3,199.99
437,Magnetic Curtain Tiebacks,Easy-to-use tiebacks for curtains or drapes.,pulgadas,12.99
438,Electric Kettle with Temperature Control,Electric kettle that offers precise temperature settings.,litros,49.99
439,Sliced Ham,"Delicious and fully cooked sliced ham, ready to eat.",litro,5.49
440,Potting Soil,Premium potting soil for indoor plants.,cm3,15.99
441,Sliced Avocado,"Ready-to-eat avocado slices, perfect for tacos.",cm,2.79
442,Baking Soda,Essential ingredient for baking and cooking.,litros,0.99
443,Stainless Steel Mixing Bowls,Set of versatile mixing bowls for cooking.,pulgadas,29.99
444,Electric Air Pump,Fast and convenient air pump for inflating toys and furniture.,pulgadas,29.99
445,Mango Salsa,Fresh mango salsa with a hint of lime for a zesty topping.,m2,3.49
446,Utility Cargo Pants,Practical cargo pants with lots of pockets for functionality.,cm,54.99
447,Maple Pecan Granola,"Crunchy granola with maple syrup and pecans, great for breakfast or snacking.",cm3,4.49
448,Oven Mitts with Pocket,Silicone oven mitts designed for safe cooking and baking.,litros,19.99
449,Chocolate Chip Cliff Bars,Nutritious energy bars packed with chocolate chips.,m2,2.49
450,Chocolate Dipped Fruit,"Fruits dipped in rich chocolate, perfect for desserts.",cm,5.99
451,Handheld Shower Head,Adjustable shower head for a luxurious shower experience.,cm3,34.99
452,Decorative Throw Pillows,Set of stylish throw pillows for home decor.,m2,29.99
453,Lightweight Rain Jacket,"Water-resistant jacket ideal for outdoor activities, featuring a packable design.",cm3,79.99
454,Magnetic Spice Jars,Convenient magnetic jars for easy spice storage.,km,24.99
455,Sun Protection Clothing,UV-blocking clothing for outdoor activities.,m2,44.99
456,USB-C Hub,Multi-port USB-C hub for connecting devices.,km,39.99
457,Energy Bites,Healthy energy bites made with oats and natural sweeteners.,km,3.99
458,Toasted Coconut Granola,"Crunchy granola with toasted coconut flakes, perfect for breakfast or snacks.",m2,4.99
459,Electric Rice Cooker with Steamer,Cook rice and steam vegetables simultaneously for healthy meals.,km,49.99
460,Electric Griddle,Large electric griddle for family meals.,litro,54.99
461,Folding Exercise Bike,Space-saving bike for indoor workouts.,pulgadas,199.99
462,Beef Enchilada Casserole,Hearty casserole with beef and enchilada sauce.,m2,8.99
463,Magnetic Spice Jars,Convenient magnetic jars for easy spice storage.,cm3,24.99
464,Indoor Grill,Electric indoor grill for quick meals.,m2,59.99
465,Butternut Squash Soup,"Creamy and delicious soup made with real butternut squash, ready to heat.",cm3,3.49
466,Graphic Sweatshirt,A comfortable sweatshirt featuring a bold graphic print.,km,34.99
467,Safety Pin Dispenser,Handy dispenser for quick access to safety pins.,km,5.99
468,Faux Fur Coat,A luxurious faux fur coat that adds glamour to any outfit.,pulgadas,129.99
469,Honey Graham Crackers,Sweet and crunchy honey-flavored graham crackers.,cm,3.29
470,Survival Gear Kit,Essential survival gear kit for emergencies.,litros,59.99
471,Sweet Potato & Kale Hash,"Savory hash made with sweet potatoes and kale, a perfect side dish.",cm,5.49
472,Wireless Security System,Comprehensive camera and alert system for home security.,km,299.99
473,Caramel Apple Taffy,"Sweet and chewy taffy flavored like caramel apples, great for fall.",pulgadas,1.99
474,Key Finder,Bluetooth-enabled key tracker to find lost items easily.,litro,19.99
475,Luminous Night Light,Soft glow night light for children's rooms or bedside.,cm,15.99
476,LED Strip Lights Kit,DIY LED strip lights with remote control.,cm,29.99
477,Multi-Purpose Marine Rope,"Heavy-duty rope suitable for boating, camping, and general use.",cm3,19.99
478,Kids' STEM Robotics Kit,Educational robotics kit for building and programming.,cm3,59.99
479,Tofu,"Firm tofu, a great plant-based protein option.",litro,2.49
480,Peach Green Tea,"Refreshing green tea infused with peach, perfect for a hot day.",m2,3.49
481,Vegetable Stir-Fry Sauce,Savory sauce for vegetable and meat stir-fries.,km,3.49
482,Multi-Tool,Versatile multi-tool with 15 different functions.,litros,39.99
483,Sour Cream,"Tangy sour cream, perfect for dips and toppings.",litro,3.49
484,Insulated Lunch Box,Durable lunch box designed to keep food fresh and cool.,litro,24.99
485,Chocolate Chip Cookie Dough,Ready-to-bake cookie dough packed with chocolate chips.,pulgadas,5.49
486,Whole Wheat Bread,"Freshly baked whole wheat bread, rich in fiber.",litro,2.49
487,Travel Makeup Organizer,Compact organizer for cosmetics during travel.,cm,25.99
488,Chickpea Flour,"Gluten-free flour made from ground chickpeas, great for cooking.",m2,3.29
489,Multi-Function Smartphone Holder,"Versatile holder that can be used on desks, cars, and more.",litros,12.99
490,Vegetable Broth,Rich vegetable broth for soups and stews.,litros,2.29
491,Tandoori Chicken Marinade,Delicious and tangy marinade for grilling or baking chicken.,km,2.49
492,Mediterranean Chickpea Salad,"A refreshing salad with chickpeas, cucumber, tomatoes, and a light vinaigrette dressing.",m2,5.99
493,Coconut Milk Yogurt,Creamy yogurt made with coconut milk,cm,2.99
494,Over-Ear Headphones,Comfortable over-ear headphones with deep bass.,litro,59.99
495,Popcorn Chicken,"Crispy chicken bites, perfect for dipping.",litro,6.49
496,Cookbook,Inspiring cookbook with healthy recipes.,m2,27.99
497,Wall Art Stickers,Removable wall art stickers for home decoration.,cm,19.99
498,Vegetable Fried Rice Mix,A quick and easy fried rice mix with colorful veggies and savory seasoning.,cm,3.99
499,Wireless HDMI Transmitter,Stream HD video wirelessly to your TV.,cm,79.99
500,Garlic Herb Marinade,"A savory marinade for meats, perfect for grilling.",pulgadas,3.29
501,Tattoo Kit,Complete tattoo kit for beginners and professionals.,pulgadas,99.99
502,Folding Exercise Bike,Space-saving bike for indoor workouts.,litro,199.99
503,Smart Water Bottle with Hydration Reminder,Bottle that tracks your water intake and reminds you to drink.,m2,39.99
504,Gluten-Free Biscuits,Fluffy biscuits made without gluten,m2,3.79
505,Herb Seasoned Rice,A flavorful rice side dish seasoned with herbs and spices.,cm3,2.99
506,Electric Butter Churn,Automatic churner for making butter at home.,litro,49.99
507,Classic Bagels,"Freshly baked bagels, perfect for breakfast or snacks.",cm,2.99
508,Peanut Butter Pretzel Bites,Crunchy pretzel bites filled with peanut butter,m2,4.19
509,Vegetable Potstickers,"Delicious vegetable dumplings, perfect for steaming or frying.",litros,5.99
510,Bamboo Cutting Board Set,Eco-friendly bamboo cutting boards in various sizes.,pulgadas,34.99
511,Body Pillow Case,Soft and breathable pillowcase for body pillows.,litro,14.99
512,LED Flashing Pet Collar,Safety collar with flashing lights for pets during night walks.,pulgadas,14.99
513,Coconut Lime Rice,"Flavorful rice mixed with coconut and lime, a tropical side dish.",litros,2.99
514,Honey Glazed Carrots,"Sweet and savory carrots glazed in honey, perfect as a side dish.",litro,3.49
515,Tomato Sauce,Rich and flavorful tomato sauce for pasta or pizza.,cm,2.79
516,Grilled Vegetable Medley,"A mix of grilled vegetables, ready to heat for quick side dishes.",litros,4.49
517,Cinnamon Spiced Almonds,Crispy almonds coated with cinnamon and sugar for a sweet and crunchy snack.,pulgadas,5.99
518,Set of Silicone Cooking Utensils,Non-stick utensils for safe and easy cooking.,litro,29.99
519,Portable Blender,Battery-operated blender for smoothies on the go.,pulgadas,30
520,Spaghetti and Meatball Dinner Kit,"All-in-one meal kit including pasta, meatballs, and sauce for a quick dinner.",litros,7.99
521,Lemon Garlic Shrimp,"Marinated shrimp in a garlic and lemon sauce, perfect for grilling.",cm3,8.99
522,Fresh Cilantro,"Bright and fragrant cilantro, great for garnishes.",litros,1.49
523,Fitness Tracker Band,Affordable fitness tracker with heart rate monitor.,litro,29.99
524,Cable Knit Cardigan,Cozy cable knit cardigan to layer during chilly evenings.,litro,49.99
525,Suction Cup Hooks,Reusable suction cup hooks for hanging items.,m2,9.99
526,Colorful Post-It Notes Set,Variety pack of sticky notes in different colors and sizes.,cm,9.99
527,Basic V-Neck T-Shirt,A staple v-neck t-shirt that pairs well with anything.,km,19.99
528,Organic Cucumber,Fresh organic cucumber perfect for salads or snacking.,cm3,1.29
529,LED Strip Lights with Remote Control,Color-changing LED lights for home decoration with remote.,m2,29.99
530,High-Speed Hand Blender,Powerful hand blender for soups and smoothies.,m2,39.99
531,Lasagna Noodles,Wide pasta sheets for making lasagna.,pulgadas,1.89
532,Instant Camera,Retro instant camera for capturing and printing photos instantly.,km,89.99
533,Baby Monitor,Video baby monitor with night vision.,cm,79.99
534,Black Olives,"Sliced black olives, perfect for salads and pizzas.",km,1.99
535,Coconut Yogurt,"Creamy yogurt made from coconut milk, dairy-free and delicious.",cm3,3.89
536,Overnight Duffle Bag,Spacious duffle bag for weekend getaways.,km,34.99
537,Car Emergency Kit,Comprehensive emergency kit for roadside assistance.,cm3,49.99
538,Ice Cube Tray with Lid,Silicone tray for making ice cubes with a lid to prevent spills.,km,10.99
539,Luxury Bathrobe,Soft and cozy bathrobe perfect for relaxing at home.,litro,49.99
540,Caramelized Onion Dip Mix,A mix to create a delicious onion dip for parties or snacking.,litro,2.29
541,Savory Breakfast Sausage,"Frozen sausage patties made with herbs and spices, perfect for breakfast sandwiches.",km,6.49
542,Pumpkin Spice Coffee,"Coffee blend infused with pumpkin spice, perfect for fall.",pulgadas,7.99
543,Tomato Basil Pasta Sauce,Rich and flavorful pasta sauce made with ripe tomatoes and basil.,m2,3.99
544,Fresh Basil,"Aromatic fresh basil, perfect for Italian cooking.",cm3,1.99
545,Personal Blender with Travel Cup,Blender for smoothies with a portable cup.,litro,39.99
546,Energy Protein Bars,Nutritious bars packed with protein for energy,cm3,2.29
547,Athletic Jogging Jacket,Designed for comfort and performance during workouts.,litro,49.99
548,Ranch Dressing,"Creamy ranch dressing, perfect for salads and dips.",km,2.59
549,Pet Hair Removal Roller,Lint roller designed specifically for removing pet hair from furniture.,m2,10.99
550,Marinara Parmesan Baked Ziti,Ziti pasta baked with marinara and parmesan cheese,litro,8.49
551,Cushion Covers,Set of decorative cushion covers for home decor.,km,35
552,Vegetarian Sausage Links,Plant-based sausage links with spices and herbs.,litro,5.89
553,Portable Ice Maker,Compact ice maker for creating ice at home or in offices.,km,199.99
554,Sesame Seeds,Crunchy seeds perfect for toppings and baking.,cm,1.99
555,Aeropress Coffee Maker,Portable coffee maker for rich brews on the go.,cm3,29.99
556,Chicken Parmesan Dinner Kit,"A complete meal kit containing breaded chicken breast, marinara sauce, and pasta, perfect for a quick dinner.",km,14.99
557,Travel Mug with Leak-Proof Lid,Stainless steel travel mug that keeps drinks hot or cold.,km,24.99
558,Vegetable Chips,Crispy and crunchy snack made from assorted vegetables.,litros,3.99
559,Lentil Soup,"Flavorful lentil soup, perfect for a quick meal.",litros,2.49
560,LED Strip Lights with Remote Control,Color-changing LED lights for home decoration with remote.,m2,29.99
561,Portable Phone Mug Holder,Convenient holder for drinks and phones while driving.,cm,14.99
562,Digital Drawing Tablet,Tablet for digital drawing and illustration work.,km,79.99
563,Pomegranate Juice,"Fresh pomegranate juice, rich in antioxidants.",pulgadas,4.49
564,Classic Bagels,"Freshly baked bagels, perfect for breakfast or snacks.",cm,2.99
565,Frozen Salmon Filets,"Wild-caught salmon filets, perfect for grilling or baking.",pulgadas,12.99
566,Chewy Granola Bars,Oats and honey bars with a chewy texture and nutty flavor.,m2,3.49
567,Dual Function Electric Skillet,"Skillet that can fry, grill, and sauté with ease.",cm3,59.99
568,Coconut Cream Pie Mix,"Creamy, sweet pie mix to make the perfect coconut cream pie.",km,4.99
569,Blueberry Oatmeal Cups,Instant oatmeal cups with blueberries for an easy breakfast.,cm3,3.29
570,Weighted Jump Rope,Adjustable weighted jump rope for workouts.,km,15.99
571,Handmade Leather Journal,Beautiful leather-bound journal for writing and sketching.,pulgadas,39.99
572,Bird Feeder,Hanging bird feeder for backyard birds.,cm,24.99
573,Habanero Hot Sauce,Fiery hot sauce made with fresh habaneros and spices.,litro,3.79
574,Fresh Cilantro,"Bright and fragrant cilantro, great for garnishes.",km,1.49
575,Pineapple Teriyaki Chicken Mix,A perfect blend of pineapple and teriyaki for stir-fry.,km,6.99
576,Car Seat Organizer,Storage solutions for keeping your car tidy and organized.,pulgadas,14.99
577,Children's Educational Puzzle,Fun and educational puzzle set for kids.,litro,19.99
578,Chili Lime Corn Chips,Crunchy corn chips flavored with chili and lime for a zesty kick.,pulgadas,2.79
579,Adjustable Resistance Bands,Set of resistance bands for versatile strength training workouts.,litro,39.99
580,Cinnamon Spiced Almonds,Crispy almonds coated with cinnamon and sugar for a sweet and crunchy snack.,m2,5.99
581,Electric Screwdriver,Cordless electric screwdriver for home projects.,cm,59.99
582,Honey Mustard Dip,Sweet and tangy honey mustard dip for snacks.,pulgadas,3.29
583,Chicken Salad Kit,All-in-one kit for making delicious chicken salad.,cm,5.99
584,Pet Grooming Glove,Gentle glove for brushing and massaging your pet.,cm3,12.99
585,Organic Ramen Noodles,Quick-cooking ramen noodles made with organic wheat.,cm3,2.89
586,Maple Syrup,Pure maple syrup for pancakes and more.,m2,6.99
587,Heavy-Duty Utility Tote,"Large, durable tote bag for shopping and outdoor activities.",m2,34.99
588,Noise Cancelling Ear Muffs,Ear protection for shooting and industrial use.,cm,24.99
589,Portable Blender,Battery-operated blender for smoothies on the go.,km,30
590,Guitar Tuner,Clip-on guitar tuner with LCD display.,litro,19.99
591,Wireless Charger,Qi-certified wireless charger for fast charging.,pulgadas,24.99
592,Spicy Tuna Rolls,"The perfect seafood snack, ready to eat and delicious.",litros,6.49
593,Chino Shorts,Classic chino shorts in a versatile color for summer adventures.,cm,34.99
594,Smoked Paprika Chicken Thighs,Marinated chicken thighs with smoked paprika for a smoky flavor.,cm,6.99
595,Electric Knife,Cordless electric knife for effortless slicing.,litro,39.99
596,Graphic Hoodie,Bold graphic hoodie featuring a comfortable fit and soft fabric.,km,49.99
597,Tailored Blazer,Sharp tailored blazer perfect for office wear and professional events.,litros,99.99
598,Sliced Turkey Breast,"Oven-roasted sliced turkey, perfect for sandwiches.",cm3,5.49
599,Mixed Berry Smoothie Pack,"Frozen berries blend perfect for smoothies, just add yogurt.",litros,5.99
600,Scented Candles,Set of three aromatic candles with various scents.,pulgadas,19.99
601,Multi-Port USB Hub,USB hub for expanding ports on computers and laptops.,cm,19.99
602,Tomato Sauce,Rich and flavorful tomato sauce for pasta or pizza.,cm3,2.79
603,Kids' Craft Supplies Set,Variety pack of craft supplies for kids' projects.,cm3,24.99
604,Honeycrisp Apple Chips,Crispy and sweet dried apple slices,litros,3.49
605,Travel Yoga Mat,Lightweight yoga mat for practicing on the go.,cm3,34.99
606,Soft Plush Throw Blanket,Cozy throw blanket perfect for chilly evenings.,cm,29.99
607,Pet Travel Carrier,Comfortable carrier for small pets during travel.,cm3,39.99
608,Memory Foam Mattress Pad,Extra layer of comfort for your mattress.,litro,69.99
609,Travel Eye Mask with Ear Plugs,Comfortable eye mask that includes noise-canceling ear plugs.,litros,15.99
610,Thai Peanut Dressing,A creamy and tangy dressing perfect for salads or as a dipping sauce.,litro,3.29
611,Sun Protection Clothing,UV-blocking clothing for outdoor activities.,litro,44.99
612,Comfortable Bed Pillow,Supportive pillow designed for a good night's sleep.,litro,24.99
613,Energy Protein Bars,Nutritious bars packed with protein for energy,cm,2.29
614,Mechanical Pencil Set,"Precision pencils for drawing, sketching, and writing.",km,19.99
615,Photo Album,Classic leather photo album for keepsakes.,cm,24.99
616,Sweet Pea Hummus,Creamy hummus made with sweet peas and tahini.,km,4.29
617,Protein Pancake Mix,A protein-packed pancake mix for a nutritious breakfast.,pulgadas,3.99
618,Electric Opener for Jars and Bottles,Easily opens jar lids and bottle caps with one touch.,cm3,24.99
619,Vanilla Ice Cream,"Creamy and rich vanilla ice cream, a classic dessert.",m2,4.99
620,Wireless Range Extender,Boost your Wi-Fi signal for better coverage.,cm,49.99
621,Creamy Tomato Basil Soup,"Rich and creamy tomato basil soup, perfect with a grilled cheese.",m2,3.29
622,Thai Red Curry Paste,Spicy and flavorful curry paste for authentic Thai dishes.,m2,3.99
623,Black Bean Spaghetti,"High-protein pasta made from black beans, gluten-free.",cm,3.99
624,Vegan Mayonnaise,Plant-based mayonnaise for a creamy taste.,cm3,4.49
625,Portable USB-C Monitor,Lightweight and slim monitor ideal for dual-screen setups.,pulgadas,199.99
626,Almond Flour Biscuits,Gluten-free biscuits made with almond flour.,cm3,6.49
627,Beef Tacos,"Pre-seasoned beef mix for delicious tacos, just heat and serve.",cm3,5.49
628,Bicycle Lock,Heavy-duty bicycle lock for security.,m2,29.99
629,Adjustable Pedicure Footrest,Ergonomic footrest for easier pedicure treatment.,litros,39.99
630,Outdoor Picnic Blanket,Water-resistant blanket for picnics and outdoor events.,cm3,34.99
631,Coconut Curry Lentil Soup,"A hearty soup made with lentils, coconut milk, and a blend of spices for a tropical flavor.",cm3,3.99
632,Outdoor Camping Hammock,Lightweight and durable hammock for relaxing in nature.,cm,29.99
633,Almond Joy Munch Bars,"A delightful mix of chocolate, coconut, and almonds in a snack bar.",litro,1.39
634,Gluten-Free Bread,Soft and tasty gluten-free sandwich bread.,litro,5.49
635,Garden Hoses with Expandable Features,"Lightweight, expandable hoses for easy handling.",cm3,34.99
636,Sweet Potato & Kale Hash,"Savory hash made with sweet potatoes and kale, a perfect side dish.",km,5.49
637,Eco-Friendly Beeswax Wraps,"Reusable wraps for food storage, replacing plastic wraps.",km,14.99
638,Electric Wax Warmer,Wax warmer for creating a soothing atmosphere with fragrances.,cm3,22.99
639,Frozen Spinach,"Chopped and frozen spinach, ideal for cooking and smoothies.",cm3,1.99
640,Inflatable Pool Float,Fun inflatable float for lounging in the pool or beach.,litros,29.99
641,Mini Meatballs,Frozen mini meatballs that are great as a snack or in pasta dishes.,cm,5.99
642,Luxury Memory Foam Mattress Topper,Adds extra comfort to your mattress for a better night's sleep.,litro,129.99
643,Wireless Gaming Headset,Comfortable headset with surround sound for immersive gaming.,pulgadas,89.99
644,Garlic Parmesan Roasted Potatoes,Oven-roasted potatoes tossed in garlic and parmesan cheese seasoning.,pulgadas,3.99
645,LED Strip Lights with Remote Control,Color-changing LED lights for home decoration with remote.,pulgadas,29.99
646,Noise Cancelling Ear Muffs,Ear protection for shooting and industrial use.,litros,24.99
647,Salt and Pepper Grinder Set,Adjustable grinders for fresh spices at the table.,pulgadas,19.99
648,Adjustable Stand for Tablets and Smartphones,Multi-angle stand for easy viewing of devices.,litro,19.99
649,Striped Long Sleeve Shirt,A casual striped long sleeve shirt that's perfect for layering.,litros,29.99
650,Inspirational Wall Art,Quote wall art to inspire and motivate.,litro,24.99
651,Floral Summer Dress,Light and breezy dress perfect for summer outings with a vibrant floral pattern.,km,39.99
652,Chocolate Fudge Ice Cream,Rich and creamy chocolate fudge ice cream for dessert.,litros,5.99
653,Baking Soda,Essential ingredient for baking and cooking.,m2,0.99
654,Garden Vegetable Chips,"Crispy chips made from assorted garden vegetables, lightly salted.",litro,3.49
655,Almond Flour Pizza Crust,"Low-carb pizza crust made from almond flour, gluten-free.",pulgadas,7.99
656,Pest Control Traps,Non-toxic traps for catching household pests safely.,m2,22.99
657,Coffee Grinder,Burr coffee grinder for fresh ground coffee.,cm,39.99
658,Fitness Mat,Thick and durable mat for workouts and yoga.,cm3,49.99
659,Artisan Pickles,Tangy and crunchy dill pickles.,pulgadas,2.49
660,Chocolate Fudge Ice Cream,Rich and creamy chocolate fudge ice cream for dessert.,cm,5.99
661,Spicy Tuna Rolls,"The perfect seafood snack, ready to eat and delicious.",pulgadas,6.49
662,Customizable Photo Calendar,Personalized calendar with your favorite photos.,m2,19.99
663,Classic Caesar Dressing,Rich and creamy Caesar dressing for salads and wraps.,km,3.49
664,Dog Training Collar,Rechargeable training collar for effective behavior training.,cm3,39.99
665,Vegan Chickpea Salad,"Healthy salad made with chickpeas, vegetables, and a lemon dressing.",pulgadas,3.99
666,Chili Beans (canned),"Canned beans with chili sauce, perfect for chili dishes.",cm,1.69
667,Multi-Layer Food Steamer,Stackable steamers for healthy cooking of vegetables and seafood.,litros,39.99
668,Nail Polish Set,Assorted nail polish set for vibrant nails.,litro,25
669,Apple Cinnamon Breakfast Muffins,Delicious muffins filled with apples and a hint of cinnamon for breakfast.,litro,3.49
670,Patterned Knit Scarf,Add a pop of color with this stylish patterned knit scarf.,m2,25.99
671,Shower Curtain Hooks,Stylish hooks to easily hang shower curtains.,pulgadas,12.99
672,Hand Crank Blender,Manual blender for smoothies and mixing ingredients on the go.,cm3,18.99
673,Almond Milk Yogurt,"Creamy yogurt made from almond milk, vegan-friendly.",cm3,1.99
674,Pleated Midi Dress,"A stylish midi dress with stylish pleats, suitable for any occasion.",cm3,79.99
675,Pumpkin Waffles,Delicious waffles infused with pumpkin and spices.,cm3,4.49
676,Buttermilk Pancakes,Fluffy pancakes with buttermilk flavor.,litro,3.99
677,Roasted Vegetable Medley,A mix of frozen roasted vegetables for an easy side dish.,cm,3.99
678,Grilled Veggie Burgers,Delicious veggie burgers loaded with grilled vegetables.,km,6.29
679,Spinach and Cheese Stuffed Shells,Delicious pasta shells filled with spinach and cheese,km,5.99
680,Microfiber Cleaning Cloth Set,Assorted cloths for cleaning electronics and delicate surfaces.,cm,9.99
681,Flavored Popcorn Mix,Popcorn tossed with sweet or savory flavors for a tasty snack.,cm,2.99
682,Vegetable Curry,A hearty vegetable curry for a quick and satisfying meal.,cm,5.99
683,Vegan Mac & Cheese,Creamy vegan mac and cheese made with cashew cheese.,km,8.99
684,Natural Soy Candles,Eco-friendly soy candles with a variety of scents.,litros,19.99
685,Quinoa and Kale Salad Kit,"Ready-to-eat salad with quinoa and kale, drizzled with vinaigrette.",km,5.29
686,Cotton Tote Bag Set,Reusable tote bags for shopping and eco-friendly living.,km,29.99
687,Sriracha Hot Chili Sauce,Spicy and tangy chili sauce for adding heat to any dish.,cm,2.99
688,Mango Chili Salsa,"A sweet and spicy salsa made with mangoes and a hint of chili, great with chips or grilled chicken.",km,4.29
689,Jump Rope with Counter,Durable jump rope with built-in counter for workouts.,cm3,12.99
690,Thai Basil Fried Rice,Fragrant fried rice with authentic Thai basil and veggies.,cm,5.99
691,Electric Wax Warmer,Wax warmer for creating a soothing atmosphere with fragrances.,km,22.99
692,Dried Apricots,"Sweet, chewy dried apricots, great for snacking or baking.",km,3.79
693,Spicy Thai Chili Sauce,A sweet and spicy sauce for dipping or cooking.,m2,3.29
694,Herbed Couscous,Quick-cooking couscous flavored with herbs and spices.,m2,2.49
695,Savory Oatmeal Cups,"Savory oatmeal ready to eat, great for breakfast or a snack.",litros,1.99
696,Pasta Primavera Kit,Quick meal kit with pasta and fresh vegetables.,km,7.49
697,3D Night Light,Color-changing 3D night light for kids' rooms.,cm,19.99
698,Savory Italian Herbs,A blend of dried Italian herbs for cooking.,cm,2.99
699,Frozen Berry Blend,A mix of frozen berries for smoothies or desserts,litro,4.99
700,Mango Chili Salsa,"A sweet and spicy salsa made with mangoes and a hint of chili, great with chips or grilled chicken.",km,4.29
701,Coffee Subscription Service,Monthly subscription for freshly roasted coffee delivered to your door.,km,29.99
702,Feta Cheese,"Tangy feta cheese, perfect for salads and sandwiches.",cm,4.99
703,Coconut Oil,Versatile organic coconut oil for cooking and baking.,litros,6.49
704,Interactive Plush Toy,"Soft, cuddly toy that interacts with children.",km,34.99
705,Asian Noodle Salad Kit,A pre-packaged salad kit with noodles and Asian-style dressing.,litros,4.99
706,Electric Skillet,Versatile electric skillet for stir-frying and searing.,m2,49.99
707,Hand Mixer,Compact hand mixer for easy baking.,km,29.99
708,Dark Chocolate Covered Raisins,Satisfy your sweet tooth with these dark chocolate-covered raisins.,m2,3.99
709,Zesty Garlic Hummus,Creamy chickpea dip infused with zesty garlic flavor.,cm3,3.99
710,Mediterranean Flatbread,"Artisan bread topped with olives, feta, and herbs, perfect for sharing.",cm,3.5
711,Pineapple Chunks (canned),Sweet pineapple chunks in syrup.,m2,2.29
712,Fitness Resistance Bands Set,Variety of bands suitable for all fitness levels.,m2,34.99
713,Cranberry Orange Oatmeal,Instant oatmeal flavored with cranberries and orange zest for breakfast.,pulgadas,2.49
714,Organic Apples,Crisp and delicious organic apples.,pulgadas,1.89
715,Decorative Throw Blanket,Soft throw blanket for cozy home decor.,km,39.99
716,Self-Inflating Camping Mattress,Comfortable camping mattress that inflates automatically.,m2,49.99
717,Sliced Ham,"Delicious and fully cooked sliced ham, ready to eat.",cm3,5.49
718,Chocolate Coconut Granola,"Crunchy granola with chocolate and coconut, great for breakfast or snacks.",cm3,3.79
719,Vanilla Bean Greek Yogurt,Smooth Greek yogurt infused with vanilla bean flavor.,litros,1.99
720,Stainless Steel BBQ Grill Set,Essential tools for outdoor barbecues including tongs and spatula.,litros,49.99
721,Stuffed Bell Peppers,Bell peppers stuffed with rice and vegetables,pulgadas,5.99
722,Rechargeable Electric Toothbrush,Advanced electric toothbrush for effective cleaning.,litro,49.99
723,Vanilla Ice Cream,"Creamy and rich vanilla ice cream, a classic dessert.",litros,4.99
724,Chopping Board,Reversible bamboo chopping board for food prep.,cm,29.99
725,Egg Noodles,"Wide egg noodles, perfect for casseroles and soups.",cm,2.29
726,Noise Cancelling Ear Muffs,Ear protection for shooting and industrial use.,cm,24.99
727,Golf Polo Shirt,Breathable polo shirt designed for both style and comfort on the greens.,cm,39.99
728,Electric Milk Frother,Handheld frother for creating frothed milk for coffee.,cm,19.99
729,Handmade Wooden Utensil Set,Unique handcrafted utensils for cooking and serving.,km,24.99
730,Beef Tacos,"Pre-seasoned beef mix for delicious tacos, just heat and serve.",m2,5.49
731,Wall-Mounted Spice Rack,Space-saving rack to store and organize spices conveniently.,litros,39.99
732,Maxi Wrap Dress,A flowy maxi dress perfect for both casual and semi-formal occasions.,litros,49.99
733,Rechargeable Battery Organizer,Tidy storage solution for rechargeable batteries.,litros,17.99
734,Organic Baby Carrots,Fresh and crunchy baby carrots ready for snacking.,litros,2.99
735,Magnetic Screen Door,Keep bugs out while allowing fresh air in during summer.,cm3,24.99
736,Classic BBQ Sauce,Smoky and sweet BBQ sauce for grilling and dipping.,pulgadas,2.79
737,Scented Candle Set,Set of soothing scented candles for relaxation and ambiance.,km,24.99
738,Gardening Fairy Figurines,Cute fairy figurines to decorate your garden or potted plants.,m2,14.99
739,Lemon Basil Pasta Sauce,A tangy sauce that combines lemon zest and basil for a refreshing flavor.,cm3,4.99
740,Buffalo Style Cauliflower Bites,"Frozen cauliflower bites coated in spicy buffalo sauce, ready to bake and enjoy as an appetizer.",km,5.49
741,Coffee Subscription Service,Monthly subscription for freshly roasted coffee delivered to your door.,litros,29.99
742,Chocolate Chip Pancake Mix,Easy-to-make pancake mix with chocolate chips included.,litros,3.99
743,Red Lentil Pasta,"Gluten-free pasta made from red lentils, packed with protein.",cm3,3.99
744,Active Racerback Tank,Lightweight and moisture-wicking racerback tank for workouts.,litros,24.99
745,Dark Chocolate Bars,"Rich dark chocolate bars, perfect for a sweet treat.",pulgadas,2.99
746,Personal Blender with Travel Cup,Blender for smoothies with a portable cup.,litro,39.99
747,Herb Seasoned Croutons,Crunchy croutons with a blend of herbs for salads.,cm3,2.99
748,Honey Sriracha Chicken Bites,"Frozen chicken bites coated in a honey sriracha glaze, spicy and sweet.",cm3,7.99
749,Green Smoothie Mix,A convenient powder mix combining greens and fruits for smoothies.,cm3,5.99
750,Vegetarian Chili,"Hearty chili made with beans and vegetables, a savory meal option.",km,3.99
751,LED Desk Lamp with USB Charging Port,Modern lamp featuring a USB port for convenient charging.,km,29.99
752,Portable Laptop Table,Foldable table for working with laptops anywhere.,litro,39.99
753,Avocado Lime Dressing,"Refreshing dressing made with avocado and lime, perfect for salads.",pulgadas,4.29
754,Kitchen Scale,Digital scale for precise cooking measurements.,m2,19.99
755,Electric Milk Frother,Handheld frother for creating frothed milk for coffee.,cm3,19.99
756,Frozen Edamame,"Lightly salted frozen edamame, a protein-packed snack.",km,3.29
757,High-Top Leather Boots,Durable high-top leather boots for the stylish adventurer.,cm3,99.99
758,Brussels Sprouts,"Fresh Brussels sprouts, great for roasting or steaming.",cm3,3.49
759,Classic Cheeseburger Mix,"All-in-one mix for easy homemade cheeseburgers, just add ground beef.",litro,5.49
760,Cat Tree,Multi-level cat tree for climbing and scratching.,km,99.99
761,Pet Hair Removal Roller,Lint roller designed specifically for removing pet hair from furniture.,m2,10.99
762,Italian Herbal Seasoning,A fragrant blend of Italian herbs for pasta sauces and marinades.,litro,1.99
763,Wireless Smart Plug,Control home appliances remotely using your smartphone app.,cm,19.99
764,Party Mini Dress,"Eye-catching mini dress with sequins, ideal for party nights out.",m2,69.99
765,Fitness Resistance Bands Kit,Set with various resistance bands for workouts.,m2,29.99
766,Classic Caesar Salad Kit,Everything you need for a fresh and delicious Caesar salad.,cm,4.99
767,Vegetable Broth,Rich vegetable broth for soups and stews.,m2,2.29
768,Italian Sausage and Peppers,A flavorful blend of Italian sausage with sautéed peppers and onions.,cm,8.99
769,Key Finder,Bluetooth-enabled key tracker to find lost items easily.,cm,19.99
770,Warm Wool Sweater,Cozy wool sweater to keep you warm on chilly days.,m2,59.99
771,Waffle Maker,Make delicious waffles with this user-friendly device.,m2,39.99
772,Organic Chia Seeds,Nutritious chia seeds great for smoothies,cm3,7.99
773,Noise Cancelling Ear Muffs,Ear protection for shooting and industrial use.,litros,24.99
774,Cinnamon Raisin Bread,"Sweet bread with cinnamon and raisins, great for breakfast or snacks.",km,3.79
775,Antique Style Clock,Nostalgic clock that adds charm to any room.,cm,39.99
776,Cheddar Cheese Crackers,Crunchy crackers topped with real cheddar cheese flavor.,km,2.29
777,A-Line Skirt,"Classic A-line skirt that flatters every figure, perfect for work or play.",litros,35.99
778,Thai Peanut Noodles,Noodles tossed in a spicy Thai peanut sauce.,km,4.99
779,Car Trash Can,Compact trash can for keeping your car clean.,km,12.99
780,Pasta Maker Machine,Manual pasta maker for creating fresh pasta at home.,litros,59.99
781,Carrot and Celery Sticks,Fresh pre-cut carrot and celery sticks for easy snacking.,litro,2.99
782,Pineapple Salsa,Fresh salsa made with pineapple and spices,litros,4.29
783,Sea Salt Caramel Brownie,Moist brownie topped with sea salt and caramel drizzle.,litros,2.49
784,Kids' Gardening Kit,Complete set designed for children to learn gardening.,pulgadas,24.99
785,Coconut Milk Ice Cream,"Dairy-free ice cream made with coconut milk, creamy and delicious.",litros,6.99
786,Rustic Italian Bread,"Freshly baked rustic bread, perfect for sandwiches or dipping in olive oil.",m2,3.59
787,LED Christmas Lights,Eco-friendly LED lights for festive decorations.,litro,29.99
788,DIY Lip Balm Kit,Craft your own lip balms with this complete kit.,km,22.99
789,Spicy Hummus,"Creamy hummus with a kick of spice, great for dipping.",cm3,3.49
790,Caramel Apple Taffy,"Sweet and chewy taffy flavored like caramel apples, great for fall.",cm,1.99
791,Travel Laundry Bag,Compact laundry bag for travel use.,cm3,9.99
792,Gardening Kneeler and Seat,Foldable kneeler that doubles as a seat for gardening convenience.,litro,39.99
793,Organic Blueberries,Fresh organic blueberries perfect for snacking or baking.,km,5.49
794,Peach Green Tea,"Refreshing green tea infused with peach, perfect for a hot day.",m2,3.49
795,Cushion Covers,Set of decorative cushion covers for home decor.,km,35
796,Mini Pretzels,"Crispy mini pretzels, a great snack any time of day.",cm,2.99
797,Garden Tool Set,Complete set of gardening tools for all your needs.,cm3,34.99
798,Sliced Avocado,"Ready-to-eat avocado slices, perfect for tacos.",cm3,2.79
799,Pineapple Coconut Yogurt,Creamy yogurt blended with fresh pineapple and coconut pieces.,pulgadas,4.49
800,Vegan Taco Seasoning,Spice blend for creating flavorful vegan taco filling.,pulgadas,2.49
801,Electric Pressure Cooker,"Multi-function pressure cooker that can sauté, steam, and slow cook.",litros,89.99
802,Portable Dog Water Bottle,Convenient water bottle for pets on the go.,litros,18.99
803,Tomato Paste,"Concentrated tomato paste, great for sauces.",cm3,1.29
804,Biodegradable Trash Bags,Eco-friendly trash bags that break down naturally.,litros,12.99
805,Vegan Taco Seasoning,Spice blend for creating flavorful vegan taco filling.,litros,2.49
806,Ceramic Bakeware Set,Durable ceramic bakeware for casseroles and desserts.,km,49.99
807,Portable Ice Maker,Compact ice maker for creating ice at home or in offices.,pulgadas,199.99
808,Indoor Grill,Electric indoor grill for quick meals.,cm3,59.99
809,Rustic Italian Bread,"Freshly baked rustic bread, perfect for sandwiches or dipping in olive oil.",km,3.59
810,Workstation Laptop Stand,Adjustable stand to improve ergonomics while working on a laptop.,m2,49.99
811,Canned Sardines,Savory sardines packed in olive oil.,cm3,3.29
812,Multi-Purpose Marine Rope,"Heavy-duty rope suitable for boating, camping, and general use.",km,19.99
813,Two-Tone Windbreaker,"Stylish two-tone windbreaker, perfect for active days.",m2,59.99
814,Buffalo Sauce,Spicy buffalo sauce ideal for wings or dipping.,pulgadas,2.99
815,Stick Vacuums Cleaner,Cordless vacuum cleaner for quick clean-ups.,litro,129.99
816,Organic Coconut Flakes,Unsweetened coconut flakes for baking and snacking.,litros,3.49
817,Classic Bagels,"Freshly baked bagels, perfect for breakfast or snacks.",litros,2.99
818,Magnetic Chess Set,Portable chess set with magnetic pieces for travel.,cm,19.99
819,Outdoor Adventure Backpack,Durable backpack for hiking or travel.,cm,59.99
820,Savory Pumpkin Soup,Creamy pumpkin soup with spices,cm3,3.89
821,Smartphone Holder for Car,Secure phone mount for your vehicle's dashboard.,litros,14.99
822,Dark Chocolate Covered Almonds,Roasted almonds dipped in rich dark chocolate.,cm,7.19
823,Organic Quinoa Chips,"Light and crispy chips made from quinoa, ideal for dipping.",pulgadas,3.99
824,Wireless Gaming Headset,Comfortable headset with surround sound for immersive gaming.,litro,89.99
825,Golf Putting Green,Indoor putting green for practicing your putting skills.,litros,79.99
826,Microwave Popcorn Maker,Healthier way to make popcorn in the microwave without oil.,m2,19.99
827,Vegetable Quinoa Bowl,"A frozen meal featuring quinoa and mixed vegetables, ready to heat and eat.",cm3,5.99
828,Kids' Dinosaur-Themed Lunchbox,Fun lunchbox for kids with a sturdy design.,m2,19.99
829,Camera Lens Cleaning Kit,Complete cleaning kit for camera lenses.,m2,14.99
830,Digital Food Scale,Precision digital scale for accurate cooking measurements.,litros,22.99
831,Granola,Crunchy and flavorful mix of oats and honey.,litro,4.79
832,Car Vacuum,Portable car vacuum cleaner with strong suction.,cm,49.99
833,Bodyweight Resistance Bands,Set of resistance bands for strength training at home.,cm,22.99
834,Smart WiFi Plug,Control appliances remotely using your smartphone.,m2,19.99
835,Classic White T-Shirt,A timeless wardrobe staple crafted from soft cotton with a perfect fit.,pulgadas,19.99
836,Almond Joy Bars,Chocolate-covered candy bars with coconut and almonds.,litros,1.29
837,Savory Pumpkin Soup,Creamy pumpkin soup with spices,km,3.89
838,Egg Noodles,"Wide egg noodles, perfect for casseroles and soups.",pulgadas,2.29
839,Spicy Salsa Verde,"Green salsa with a spicy kick, great for dipping.",m2,3.49
840,Whole Wheat Pita Bread,"Soft and fluffy whole wheat pita bread, great for wraps.",km,2.79
841,Camera Lens Cleaning Kit,Complete cleaning kit for camera lenses.,pulgadas,14.99
842,Kids' Dinosaur-Themed Lunchbox,Fun lunchbox for kids with a sturdy design.,m2,19.99
843,Kid's Fruit Snacks,Assorted fruit-flavored gummy snacks that kids love.,km,2.49
844,Dark Chocolate Covered Almonds,Roasted almonds dipped in rich dark chocolate.,cm3,7.19
845,Athletic Jogging Jacket,Designed for comfort and performance during workouts.,km,49.99
846,Fitness Foam Roller,High-density foam roller for muscle recovery.,m2,29.99
847,Cocktail Shaker and Mixing Glass Set,Complete set for mixing cocktails at home.,litros,39.99
848,Fitness Activity Journal,Journal to record workouts and nutrition.,km,14.99
849,Board Game Storage,Organize your board games with this storage bin.,litros,19.99
850,Window Bird Feeder,Suction cup bird feeder for close-up bird watching.,m2,19.99
851,Noise-Canceling Earbuds,Wireless earbuds designed for immersive sound experience.,cm,79.99
852,Electric Stir Fry Pan,Large stir fry pan with non-stick surface.,pulgadas,49.99
853,Ceramic Planter Set,Set of decorative ceramic planters for indoor plants.,km,39.99
854,Over-The-Door Shoe Organizer,Space-saving shoe organizer for tight spaces.,m2,25.99
855,Magnetic Phone Case,Stylish case with magnetic closure for smartphones.,cm3,19.99
856,Chocolate Fudge Ice Cream,Rich and creamy chocolate fudge ice cream for dessert.,cm,5.99
857,Garden Vegetable Soup,"A hearty soup filled with vegetables and herbs, perfect for a light meal.",cm,3.29
858,Pizza Stone,Ceramic pizza stone for homemade pizzas.,litro,29.99
859,Thai Green Curry Paste,A rich curry paste for making authentic Thai green curry at home.,cm3,2.49
860,Motion Sensor Light,Battery-operated motion sensor light for safety.,km,19.99
861,Fresh Lemons,Citrusy lemons perfect for drinks and cooking.,cm,0.75
862,Classic Cheeseburger Mix,"All-in-one mix for easy homemade cheeseburgers, just add ground beef.",cm,5.49
863,Portable Pet Stroller,Convenient stroller for pets to enjoy outdoor walks.,pulgadas,89.99
864,Wall-Mounted Bookshelf,Floating bookshelf to display your favorite books.,litros,39.99
865,Electric Pressure Washer,Powerful electric pressure washer for deep cleaning.,pulgadas,199.99
866,Cheddar & Bacon Potato Skins,Gourmet potato skins loaded with cheddar cheese and bacon.,cm,7.49
867,Maple Oatmeal,Delicious maple-flavored oatmeal for a quick breakfast.,litro,2.99
868,Teriyaki Chicken Bowl,Ready-to-eat chicken bowl with teriyaki sauce and rice.,m2,6.49
869,Cat Tree with Scratching Posts,Multi-level cat tree for play and scratching.,cm,79.99
870,Spinach and Feta Stuffed Chicken Breast,"Juicy chicken breast stuffed with spinach and feta cheese, seasoned to perfection.",litro,8.99
871,Stuffed Bell Peppers,Bell peppers stuffed with rice and vegetables,litro,5.99
872,Sliced Bell Peppers,Fresh sliced bell peppers for salads or stir-fries.,cm3,3.99
873,Ranch Dressing,"Creamy ranch dressing, perfect for salads and dips.",pulgadas,2.59
874,Blue Corn Tortilla Chips,"Crunchy chips made from blue corn, perfect for dipping.",pulgadas,3.49
875,Vegan Chickpea Salad,"Healthy salad made with chickpeas, vegetables, and a lemon dressing.",cm3,3.99
876,Vegetable Broth,Rich vegetable broth for soups and stews.,km,2.29
877,Almond Butter Cookies,Soft cookies made with almond butter,cm3,4.49
878,White Rice,"Plain white rice, a staple for any meal.",km,1.49
879,Watercolor Set,Complete watercolor set with paints and brushes.,m2,19.99
880,Organic Baby Spinach,"Fresh baby spinach leaves, great for salads and smoothies.",litros,2.99
881,Mini Waffle Maker,Compact waffle maker for perfect small waffles.,litros,24.99
882,Mini Projector for Smartphones,Compact and portable projector for watching videos anywhere.,m2,99.99
883,Spicy Thai Coconut Soup,"A ready-to-eat soup with coconut milk, spices, and vegetables.",litros,3.99
884,Silicone Baking Cups,Set of reusable baking cups for muffins and cupcakes.,km,10.99
885,Trail Mix (Deluxe),"A delightful mix of nuts, fruit, and chocolate.",cm3,4.59
886,Quinoa & Black Bean Salad,A nutritious salad with quinoa and black beans,litros,7.49
887,Savory Breakfast Sausage,"Frozen sausage patties made with herbs and spices, perfect for breakfast sandwiches.",litros,6.49
888,Lemon Garlic Shrimp,"Marinated shrimp in a garlic and lemon sauce, perfect for grilling.",litro,8.99
889,Camping Lantern,Rechargeable LED camping lantern for outdoor use.,litro,34.99
890,Spicy Avocado Salsa,"A zesty salsa made from ripe avocados, tomatoes, onions, and jalapeños, great for dipping or topping.",m2,4.49
891,Sesame Garlic Stir-Fry Sauce,A flavorful sauce for stir-frying vegetables and meats.,cm3,2.79
892,Leather Biker Jacket,Stylish black leather jacket featuring a zip-up front and multiple pockets.,cm3,129.99
893,Gardening Tools Set,Complete set of gardening tools for outdoor tasks.,litro,45
894,Personal Safety Alarm,Compact alarm for personal safety and security.,litro,12.99
895,Pineapple Rings,Delicious canned pineapple rings for desserts or salads.,pulgadas,2.49
896,Smartphone Hand Grip,Sturdy grip to hold your phone securely while taking selfies.,cm,9.99
897,Organic Baby Spinach,"Fresh baby spinach leaves, great for salads and smoothies.",cm,2.99
898,Oatmeal Raisin Cookies,Delicious cookies packed with oats and raisins.,litros,3.49
899,Canvas High-Top Sneakers,Trendy high-top canvas sneakers for a stylish streetwear look.,m2,49.99
900,Maple Breakfast Sausage,Savory sausage links with a hint of maple flavor.,litro,5.99
901,Classic Caesar Dressing,Rich and creamy Caesar dressing for salads and wraps.,km,3.49
902,Vegan Tacos,Frozen vegan tacos filled with plant-based protein and spices.,cm,7.49
903,Electric Razor,Rechargeable electric razor for a smooth shave.,litros,59.99
904,Buffalo Cauliflower Wings,Crispy cauliflower bites tossed in spicy buffalo sauce.,cm3,6.99
905,Whole Wheat Pasta,Nutritious and hearty pasta made from whole wheat flour.,cm3,2.49
906,Organic Almonds,"Crunchy and nutritious almonds, perfect for snacking.",litro,8.99
907,Popcorn Chicken,"Crispy chicken bites, perfect for dipping.",cm,6.49
908,Electric Griddle with Removable Plates,Non-stick surface for easy cooking and cleaning.,litros,59.99
909,Reclining Camping Chair,Foldable reclining camping chair with cup holder.,m2,49.99
910,Elderberry Syrup,Natural elderberry syrup to boost immunity.,litro,11.99
911,Vegetable Fried Rice,Quick and easy fried rice mixed with vegetables and soy sauce.,cm,4.99
912,Canned Black Beans,"Delicious and hearty black beans, great for soups or salads.",cm,1.29
913,Samoas Cookie Mix,Baking mix to create your favorite Samoa-style cookies at home.,km,5.59
914,Portable Refrigerator Freezer,Compact fridge ideal for camping and road trips.,km,299.99
915,Coconut Chips,"Crunchy, toasted coconut chips for snacking.",cm,3.59
916,Natural Fruit Snacks,"Healthy fruit snacks, made with real fruit.",pulgadas,3.99
917,Herbed Mushroom Risotto,"Creamy risotto made with mushrooms and herbs, perfect as a side dish or main course.",cm,5.49
918,Slim Fit Chinos,Comfortable slim fit chinos for a polished look.,cm3,54.99
919,Marinara Sauce,Classic marinara sauce for all pasta dishes.,litros,3.49
920,Tea Infuser Bottle,Bottle with infuser for brewing loose-leaf tea on the go.,pulgadas,19.99
921,Sriracha Honey Glaze,"A spicy glaze made with sriracha and honey, perfect for meats.",cm3,3.59
922,Compressible Packing Cubes,Organizational cubes for easy packing and travel.,km,29.99
923,Italian Sausage and Peppers,A flavorful blend of Italian sausage with sautéed peppers and onions.,cm3,8.99
924,Self-Cleaning Cat Litter Box,Automated litter box that cleans itself after each use.,litro,199.99
925,Foot Massager Machine,Electric foot massager for relaxation and relief.,pulgadas,59.99
926,Foam Roller for Muscle Recovery,Use this foam roller for effective post-workout recovery.,cm3,29.99
927,Savory Trail Mix,"A blend of nuts, seeds, and spices for a healthy snack.",cm3,4.29
928,LED Camping Lantern with USB Charging,Rechargeable lantern with multiple brightness settings for outdoors.,litro,34.99
929,Sea Salt Tortilla Chips,"Crunchy tortilla chips with a hint of sea salt, great with dips.",pulgadas,2.49
930,Pasta Maker Machine,Manual pasta maker for creating fresh pasta at home.,m2,59.99
931,Frozen Hash Browns,"Shredded potatoes, perfect for breakfasts.",m2,2.99
932,Honey Graham Crackers,Sweet and crunchy honey-flavored graham crackers.,litro,3.29
933,Heated Throw Blanket,Soft blanket that provides warmth with adjustable settings.,litro,49.99
934,Cheese Stuffed Jalapenos,"Spicy jalapenos stuffed with cheese, ideal for appetizers.",m2,5.99
935,Throw Pillow Covers,Set of decorative pillow covers to enhance your home decor.,m2,22.99
936,Pasta Maker,Manual pasta maker for homemade pasta.,cm3,39
937,Scented Candle Set,Set of soothing scented candles for relaxation and ambiance.,m2,24.99
938,Camera Tripod,Sturdy camera tripod for professional photography.,km,49.99
939,Chocolate Fudge Ice Cream,Rich and creamy chocolate fudge ice cream for dessert.,pulgadas,5.99
940,Travel Shoe Bags Set,Set of breathable bags for organizing shoes while traveling.,cm,15.99
941,Caraway Rye Bread,Artisan bread with caraway seeds for added flavor.,km,4.79
942,Elderberry Syrup,Natural elderberry syrup to boost immunity.,litro,11.99
943,Whipped Cream Cheese,"Light and fluffy cream cheese, perfect for bagels or cooking.",cm,2.99
944,Beef Chili,"Hearty beef chili, ready to heat and eat.",pulgadas,4.5
945,USB-C Hub,Multi-port USB-C hub for connecting devices.,m2,39.99
946,Sliced Cucumbers,"Freshly sliced cucumbers, great for salads or snacking.",cm,1.29
947,Roasted Garlic Aioli,Flavored aioli made with roasted garlic,cm,3.79
948,Organic Almonds,"Crunchy and nutritious almonds, perfect for snacking.",km,8.99
949,Coconut Lime Rice,"Flavorful rice mixed with coconut and lime, a tropical side dish.",litro,2.99
950,Dark Chocolate Bars,"Rich dark chocolate bars, perfect for a sweet treat.",m2,2.99
951,Mediterranean Flatbread,"Artisan bread topped with olives, feta, and herbs, perfect for sharing.",pulgadas,3.5
952,Cucumber Lime Sparkling Water,Refreshing sparkling water with cucumber and lime flavor.,litro,1.49
953,Garlic Herb Grilled Chicken,Marinated grilled chicken breasts seasoned with garlic and herbs.,cm,8.99
954,Portable Solar Path Lights,Eco-friendly solar lights for pathways and gardens.,pulgadas,39.99
955,Electric Fondue Pot,Set for making fondue at home.,cm3,39.99
956,Classic Black Trousers,Timeless black trousers for a smart and sophisticated look.,km,54.99
957,Peanut Butter Granola,Crunchy granola full of peanut butter flavor and oats.,litro,4.99
958,Peanut Butter Filled Pretzels,Salty pretzels filled with creamy peanut butter.,litro,3.99
959,Motion Sensor Light,Battery-operated motion sensor light for safety.,litros,19.99
960,Digital Camera,Compact digital camera with 20MP resolution.,litro,299.99
961,Spicy Thai Chili Sauce,A sweet and spicy sauce for dipping or cooking.,litro,3.29
962,Organic Sweet Potatoes,"Fresh and organic sweet potatoes, ideal for roasting.",litros,1.99
963,Ricotta Cheese,"Creamy ricotta cheese, great for cooking or making desserts.",cm3,4.99
964,Chocolate Dipped Fruit,"Fruits dipped in rich chocolate, perfect for desserts.",km,5.99
965,Non-Toxic Crayons for Kids,Safe and vibrant crayons for children's art projects.,litros,10.99
966,Non-Toxic Crayons for Kids,Safe and vibrant crayons for children's art projects.,cm3,10.99
967,Smart Thermostat,Wi-Fi enabled thermostat for energy-saving temperature control.,litro,149.99
968,Smart Wi-Fi Camera,Indoor Wi-Fi camera for home security.,litro,89.99
969,Granola Bars,"Crispy and chewy granola bars, perfect for on-the-go.",litros,4.99
970,Laptop Stand,Adjustable laptop stand for better ergonomics.,cm3,29.99
971,Biodegradable Phone Case,Eco-friendly phone case designed to decompose safely.,km,23.99
972,Cranberry Orange Oatmeal,Instant oatmeal flavored with cranberries and orange zest for breakfast.,litro,2.49
973,Strawberry Rhubarb Jam,"A sweet and tart jam, perfect on toast or in desserts.",litros,4.29
974,Maple Pecan Pancake Mix,"A fluffy pancake mix infused with maple and pecans, perfect for a hearty breakfast.",cm,4.99
975,Magnetic Puzzle Board,Magnetic puzzle assembly board for kids.,cm3,24.99
976,Chocolate Covered Pretzels,"Crunchy pretzels coated in rich chocolate, a sweet treat.",litros,3.29
977,Instant Pot,7-in-1 multi-cooker for versatile cooking.,cm3,89.99
978,Ceramic Planter Set,Set of decorative ceramic planters for indoor plants.,litro,39.99
979,Silicone Ice Cube Tray,Flexible tray for easy-release ice cubes.,km,10.99
980,Silicone Ice Cube Tray,Flexible tray for easy-release ice cubes.,cm3,10.99
981,Wireless HDMI Receiver,Stream HD video wirelessly from devices to TV.,pulgadas,49.99
982,Basil Lemonade,Refreshing basil-infused lemonade for a cool drink.,pulgadas,2.99
983,Customizable Name Plate,Personalized nameplate for offices or homes.,km,19.99
984,Pineapple Salsa,Fresh salsa made with pineapple and spices,m2,4.29
985,Buffalo Stilton Cheese,Spicy blue cheese with a hint of buffalo flavor.,km,8.99
986,Luminous Night Light,Soft glow night light for children's rooms or bedside.,litro,15.99
987,Ricotta Cheese,"Creamy ricotta cheese, great for cooking or making desserts.",m2,4.99
988,Skincare Set,All-natural skincare set for daily use.,pulgadas,54.99
989,Chickpea Pancakes,"Savory pancakes made with chickpea flour, high in protein.",litro,4.99
990,Travel Yoga Mat,Lightweight yoga mat for practicing on the go.,km,34.99
991,Sweetened Condensed Milk,Rich and creamy milk perfect for baking or desserts.,km,1.89
992,Electric Razor,Rechargeable electric razor for a smooth shave.,cm3,59.99
993,Smartphone Gimbal Stabilizer,Stabilizer for smooth video recording with smartphones.,litros,89.99
994,Andouille Sausage,Spicy and smoky sausage great for grilling.,m2,5.49
995,Traditional Hummus,Creamy chickpea dip blended with tahini and garlic.,pulgadas,3.29
996,Buffalo Cauliflower Bites,Spicy cauliflower bites for a vegetarian snack.,m2,6.29
997,Sweet Potatoes (organic),"Fresh organic sweet potatoes, great for roasting or mashing.",litros,1.99
998,Oven-Baked Chicken Tenders,"Crispy and juicy chicken tenders, perfect for dipping.",pulgadas,6.99
999,Window Blinds,Adjustable window blinds for privacy and light control.,km,59.99
1000,Kids' Crafting Station,Complete station with supplies for kids' art projects.,km,49.99
